[     126ms] [ERROR] Failed to load resource: the server responded with a status of 404 (Not Found) @ http://localhost:3001/images/dark-texture.png:0
[     183ms] [LOG] [Fast Refresh] rebuilding @ webpack-internal:///(app-pages-browser)/./node_modules/next/dist/client/components/react-dev-overlay/app/hot-reloader-client.js:186
[     188ms] [LOG] [Fast Refresh] done in 5ms @ webpack-internal:///(app-pages-browser)/./node_modules/next/dist/client/components/react-dev-overlay/app/hot-reloader-client.js:43
[     204ms] [ERROR] Failed to fetch RSC payload for http://localhost:3001/. Falling back to browser navigation. TypeError: Failed to fetch
    at fetchServerResponse (webpack-internal:///(app-pages-browser)/./node_modules/next/dist/client/components/router-reducer/fetch-server-response.js:58:27)
    at fastRefreshReducerImpl (webpack-internal:///(app-pages-browser)/./node_modules/next/dist/client/components/router-reducer/reducers/fast-refresh-reducer.js:33:67)
    at clientReducer (webpack-internal:///(app-pages-browser)/./node_modules/next/dist/client/components/router-reducer/router-reducer.js:41:67)
    at Object.action (webpack-internal:///(app-pages-browser)/./node_modules/next/dist/shared/lib/router/action-queue.js:150:55)
    at runAction (webpack-internal:///(app-pages-browser)/./node_modules/next/dist/shared/lib/router/action-queue.js:56:38)
    at dispatchAction (webpack-internal:///(app-pages-browser)/./node_modules/next/dist/shared/lib/router/action-queue.js:113:9)
    at Object.dispatch (webpack-internal:///(app-pages-browser)/./node_modules/next/dist/shared/lib/router/action-queue.js:145:40)
    at eval (webpack-internal:///(app-pages-browser)/./node_modules/next/dist/client/components/use-reducer-with-devtools.js:130:21)
    at eval (webpack-internal:///(app-pages-browser)/./node_modules/next/dist/client/components/app-router.js:304:25)
    at startTransition (webpack-internal:///(app-pages-browser)/./node_modules/next/dist/compiled/react/cjs/react.development.js:2597:25)
    at Object.fastRefresh (webpack-internal:///(app-pages-browser)/./node_modules/next/dist/client/components/app-router.js:303:48)
    at eval (webpack-internal:///(app-pages-browser)/./node_modules/next/dist/client/components/react-dev-overlay/app/hot-reloader-client.js:277:28)
    at startTransition (webpack-internal:///(app-pages-browser)/./node_modules/next/dist/compiled/react/cjs/react.development.js:2597:25)
    at processMessage (webpack-internal:///(app-pages-browser)/./node_modules/next/dist/client/components/react-dev-overlay/app/hot-reloader-client.js:276:44)
    at WebSocket.handler (webpack-internal:///(app-pages-browser)/./node_modules/next/dist/client/components/react-dev-overlay/app/hot-reloader-client.js:395:17) @ webpack-internal:///(app-pages-browser)/./node_modules/next/dist/client/app-index.js:32
[     636ms] [ERROR] Failed to load resource: the server responded with a status of 404 (Not Found) @ http://localhost:3001/images/dark-texture.png:0
[    1092ms] [INFO] %cDownload the React DevTools for a better development experience: https://reactjs.org/link/react-devtools font-weight:bold @ webpack-internal:///(app-pages-browser)/./node_modules/next/dist/compiled/react-dom/cjs/react-dom.development.js:38559
[    1277ms] [ERROR] Failed to load resource: the server responded with a status of 404 (Not Found) @ http://localhost:3001/icons/icon-192x192.png:0
[    1285ms] [WARNING] Error while trying to use the following icon from the Manifest: http://localhost:3001/icons/icon-192x192.png (Download error or resource isn't a valid image) @ http://localhost:3001/:0
[    1471ms] [LOG] [Fast Refresh] rebuilding @ webpack-internal:///(app-pages-browser)/./node_modules/next/dist/client/components/react-dev-overlay/app/hot-reloader-client.js:186
[    1749ms] [LOG] [Fast Refresh] done in 277ms @ webpack-internal:///(app-pages-browser)/./node_modules/next/dist/client/components/react-dev-overlay/app/hot-reloader-client.js:43
[    1776ms] [LOG] [Fast Refresh] rebuilding @ webpack-internal:///(app-pages-browser)/./node_modules/next/dist/client/components/react-dev-overlay/app/hot-reloader-client.js:186
[    1934ms] [LOG] [Fast Refresh] done in 159ms @ webpack-internal:///(app-pages-browser)/./node_modules/next/dist/client/components/react-dev-overlay/app/hot-reloader-client.js:43
[    2025ms] [LOG] [Fast Refresh] rebuilding @ webpack-internal:///(app-pages-browser)/./node_modules/next/dist/client/components/react-dev-overlay/app/hot-reloader-client.js:186
[    2117ms] [LOG] [Fast Refresh] done in 93ms @ webpack-internal:///(app-pages-browser)/./node_modules/next/dist/client/components/react-dev-overlay/app/hot-reloader-client.js:43
[    2320ms] [LOG] [Fast Refresh] done in 296ms @ webpack-internal:///(app-pages-browser)/./node_modules/next/dist/client/components/react-dev-overlay/app/hot-reloader-client.js:43
[    2338ms] [LOG] [Fast Refresh] rebuilding @ webpack-internal:///(app-pages-browser)/./node_modules/next/dist/client/components/react-dev-overlay/app/hot-reloader-client.js:186
[    2369ms] [ERROR] Failed to load resource: the server responded with a status of 404 (Not Found) @ http://localhost:3001/images/dark-texture.png:0
[    2371ms] [ERROR] Failed to load resource: the server responded with a status of 404 (Not Found) @ http://localhost:3001/icons/icon-192x192.png:0
[    2441ms] [WARNING] Error while trying to use the following icon from the Manifest: http://localhost:3001/icons/icon-192x192.png (Download error or resource isn't a valid image) @ http://localhost:3001/:0
[    2548ms] [LOG] [Fast Refresh] done in 210ms @ webpack-internal:///(app-pages-browser)/./node_modules/next/dist/client/components/react-dev-overlay/app/hot-reloader-client.js:43
[    2695ms] [LOG] [Fast Refresh] done in 357ms @ webpack-internal:///(app-pages-browser)/./node_modules/next/dist/client/components/react-dev-overlay/app/hot-reloader-client.js:43
[    2709ms] [LOG] [Fast Refresh] rebuilding @ webpack-internal:///(app-pages-browser)/./node_modules/next/dist/client/components/react-dev-overlay/app/hot-reloader-client.js:186
[    2843ms] [LOG] [Fast Refresh] done in 134ms @ webpack-internal:///(app-pages-browser)/./node_modules/next/dist/client/components/react-dev-overlay/app/hot-reloader-client.js:43
[    2966ms] [LOG] [Fast Refresh] rebuilding @ webpack-internal:///(app-pages-browser)/./node_modules/next/dist/client/components/react-dev-overlay/app/hot-reloader-client.js:186
[    2976ms] [LOG] [Fast Refresh] done in 10ms @ webpack-internal:///(app-pages-browser)/./node_modules/next/dist/client/components/react-dev-overlay/app/hot-reloader-client.js:43
[    3212ms] [LOG] [Fast Refresh] done in 246ms @ webpack-internal:///(app-pages-browser)/./node_modules/next/dist/client/components/react-dev-overlay/app/hot-reloader-client.js:43
[    3317ms] [LOG] [Fast Refresh] done in 352ms @ webpack-internal:///(app-pages-browser)/./node_modules/next/dist/client/components/react-dev-overlay/app/hot-reloader-client.js:43
[    3321ms] [ERROR] Failed to load resource: the server responded with a status of 404 (Not Found) @ http://localhost:3001/images/dark-texture.png:0
[    3330ms] [LOG] [Fast Refresh] rebuilding @ webpack-internal:///(app-pages-browser)/./node_modules/next/dist/client/components/react-dev-overlay/app/hot-reloader-client.js:186
[    3641ms] [LOG] [Fast Refresh] done in 311ms @ webpack-internal:///(app-pages-browser)/./node_modules/next/dist/client/components/react-dev-overlay/app/hot-reloader-client.js:43
[    3702ms] [ERROR] Failed to load resource: the server responded with a status of 404 (Not Found) @ http://localhost:3001/images/dark-texture.png:0
[    3721ms] [LOG] [Fast Refresh] rebuilding @ webpack-internal:///(app-pages-browser)/./node_modules/next/dist/client/components/react-dev-overlay/app/hot-reloader-client.js:186
[    3756ms] [LOG] [Fast Refresh] done in 35ms @ webpack-internal:///(app-pages-browser)/./node_modules/next/dist/client/components/react-dev-overlay/app/hot-reloader-client.js:43
[    3985ms] [LOG] [Fast Refresh] rebuilding @ webpack-internal:///(app-pages-browser)/./node_modules/next/dist/client/components/react-dev-overlay/app/hot-reloader-client.js:186
[    4077ms] [LOG] [Fast Refresh] done in 91ms @ webpack-internal:///(app-pages-browser)/./node_modules/next/dist/client/components/react-dev-overlay/app/hot-reloader-client.js:43
[    4405ms] [ERROR] Failed to load resource: the server responded with a status of 404 (Not Found) @ http://localhost:3001/images/dark-texture.png:0
[    4409ms] [LOG] [Fast Refresh] rebuilding @ webpack-internal:///(app-pages-browser)/./node_modules/next/dist/client/components/react-dev-overlay/app/hot-reloader-client.js:186
[    4411ms] [LOG] [Fast Refresh] done in 2ms @ webpack-internal:///(app-pages-browser)/./node_modules/next/dist/client/components/react-dev-overlay/app/hot-reloader-client.js:43
[    4594ms] [LOG] [Fast Refresh] rebuilding @ webpack-internal:///(app-pages-browser)/./node_modules/next/dist/client/components/react-dev-overlay/app/hot-reloader-client.js:186
[    4619ms] [LOG] [Fast Refresh] done in 25ms @ webpack-internal:///(app-pages-browser)/./node_modules/next/dist/client/components/react-dev-overlay/app/hot-reloader-client.js:43
[    4947ms] [ERROR] Failed to load resource: the server responded with a status of 404 (Not Found) @ http://localhost:3001/images/dark-texture.png:0
[    4979ms] [LOG] [Fast Refresh] rebuilding @ webpack-internal:///(app-pages-browser)/./node_modules/next/dist/client/components/react-dev-overlay/app/hot-reloader-client.js:186
[    5000ms] [LOG] [Fast Refresh] done in 20ms @ webpack-internal:///(app-pages-browser)/./node_modules/next/dist/client/components/react-dev-overlay/app/hot-reloader-client.js:43
[    5200ms] [LOG] [Fast Refresh] rebuilding @ webpack-internal:///(app-pages-browser)/./node_modules/next/dist/client/components/react-dev-overlay/app/hot-reloader-client.js:186
[    5247ms] [LOG] [Fast Refresh] done in 47ms @ webpack-internal:///(app-pages-browser)/./node_modules/next/dist/client/components/react-dev-overlay/app/hot-reloader-client.js:43
[    5567ms] [ERROR] Failed to load resource: the server responded with a status of 404 (Not Found) @ http://localhost:3001/images/dark-texture.png:0
[    5624ms] [LOG] [Fast Refresh] rebuilding @ webpack-internal:///(app-pages-browser)/./node_modules/next/dist/client/components/react-dev-overlay/app/hot-reloader-client.js:186
[    5651ms] [LOG] [Fast Refresh] done in 27ms @ webpack-internal:///(app-pages-browser)/./node_modules/next/dist/client/components/react-dev-overlay/app/hot-reloader-client.js:43
[    5837ms] [LOG] [Fast Refresh] rebuilding @ webpack-internal:///(app-pages-browser)/./node_modules/next/dist/client/components/react-dev-overlay/app/hot-reloader-client.js:186
[    5892ms] [LOG] [Fast Refresh] done in 54ms @ webpack-internal:///(app-pages-browser)/./node_modules/next/dist/client/components/react-dev-overlay/app/hot-reloader-client.js:43
[    6235ms] [ERROR] Failed to load resource: the server responded with a status of 404 (Not Found) @ http://localhost:3001/images/dark-texture.png:0
[    6258ms] [LOG] [Fast Refresh] rebuilding @ webpack-internal:///(app-pages-browser)/./node_modules/next/dist/client/components/react-dev-overlay/app/hot-reloader-client.js:186
[    6281ms] [LOG] [Fast Refresh] done in 22ms @ webpack-internal:///(app-pages-browser)/./node_modules/next/dist/client/components/react-dev-overlay/app/hot-reloader-client.js:43
[    6452ms] [ERROR] Failed to load resource: the server responded with a status of 404 (Not Found) @ http://localhost:3001/images/dark-texture.png:0
[    6469ms] [LOG] [Fast Refresh] rebuilding @ webpack-internal:///(app-pages-browser)/./node_modules/next/dist/client/components/react-dev-overlay/app/hot-reloader-client.js:186
[    6502ms] [LOG] [Fast Refresh] done in 32ms @ webpack-internal:///(app-pages-browser)/./node_modules/next/dist/client/components/react-dev-overlay/app/hot-reloader-client.js:43
[    6675ms] [LOG] [Fast Refresh] rebuilding @ webpack-internal:///(app-pages-browser)/./node_modules/next/dist/client/components/react-dev-overlay/app/hot-reloader-client.js:186
[    6721ms] [LOG] [Fast Refresh] done in 47ms @ webpack-internal:///(app-pages-browser)/./node_modules/next/dist/client/components/react-dev-overlay/app/hot-reloader-client.js:43
[    7088ms] [ERROR] Failed to load resource: the server responded with a status of 404 (Not Found) @ http://localhost:3001/images/dark-texture.png:0
[    7183ms] [LOG] [Fast Refresh] rebuilding @ webpack-internal:///(app-pages-browser)/./node_modules/next/dist/client/components/react-dev-overlay/app/hot-reloader-client.js:186
[    7265ms] [LOG] [Fast Refresh] done in 82ms @ webpack-internal:///(app-pages-browser)/./node_modules/next/dist/client/components/react-dev-overlay/app/hot-reloader-client.js:43
[    7451ms] [LOG] [Fast Refresh] rebuilding @ webpack-internal:///(app-pages-browser)/./node_modules/next/dist/client/components/react-dev-overlay/app/hot-reloader-client.js:186
[    7519ms] [LOG] [Fast Refresh] done in 68ms @ webpack-internal:///(app-pages-browser)/./node_modules/next/dist/client/components/react-dev-overlay/app/hot-reloader-client.js:43
[    7817ms] [ERROR] Failed to load resource: the server responded with a status of 404 (Not Found) @ http://localhost:3001/images/dark-texture.png:0
[    7878ms] [LOG] [Fast Refresh] rebuilding @ webpack-internal:///(app-pages-browser)/./node_modules/next/dist/client/components/react-dev-overlay/app/hot-reloader-client.js:186
[    7902ms] [LOG] [Fast Refresh] done in 25ms @ webpack-internal:///(app-pages-browser)/./node_modules/next/dist/client/components/react-dev-overlay/app/hot-reloader-client.js:43
[    8167ms] [LOG] [Fast Refresh] rebuilding @ webpack-internal:///(app-pages-browser)/./node_modules/next/dist/client/components/react-dev-overlay/app/hot-reloader-client.js:186
[    8208ms] [LOG] [Fast Refresh] done in 41ms @ webpack-internal:///(app-pages-browser)/./node_modules/next/dist/client/components/react-dev-overlay/app/hot-reloader-client.js:43
[    8468ms] [ERROR] Failed to load resource: the server responded with a status of 404 (Not Found) @ http://localhost:3001/images/dark-texture.png:0
[    8506ms] [LOG] [Fast Refresh] rebuilding @ webpack-internal:///(app-pages-browser)/./node_modules/next/dist/client/components/react-dev-overlay/app/hot-reloader-client.js:186
[    8524ms] [LOG] [Fast Refresh] done in 18ms @ webpack-internal:///(app-pages-browser)/./node_modules/next/dist/client/components/react-dev-overlay/app/hot-reloader-client.js:43
[    8748ms] [LOG] [Fast Refresh] rebuilding @ webpack-internal:///(app-pages-browser)/./node_modules/next/dist/client/components/react-dev-overlay/app/hot-reloader-client.js:186
[    8799ms] [LOG] [Fast Refresh] done in 52ms @ webpack-internal:///(app-pages-browser)/./node_modules/next/dist/client/components/react-dev-overlay/app/hot-reloader-client.js:43
[    9099ms] [ERROR] Failed to load resource: the server responded with a status of 404 (Not Found) @ http://localhost:3001/images/dark-texture.png:0
[    9127ms] [LOG] [Fast Refresh] rebuilding @ webpack-internal:///(app-pages-browser)/./node_modules/next/dist/client/components/react-dev-overlay/app/hot-reloader-client.js:186
[    9154ms] [LOG] [Fast Refresh] done in 26ms @ webpack-internal:///(app-pages-browser)/./node_modules/next/dist/client/components/react-dev-overlay/app/hot-reloader-client.js:43
[    9328ms] [LOG] [Fast Refresh] rebuilding @ webpack-internal:///(app-pages-browser)/./node_modules/next/dist/client/components/react-dev-overlay/app/hot-reloader-client.js:186
[    9377ms] [LOG] [Fast Refresh] done in 49ms @ webpack-internal:///(app-pages-browser)/./node_modules/next/dist/client/components/react-dev-overlay/app/hot-reloader-client.js:43
[    9718ms] [ERROR] Failed to load resource: the server responded with a status of 404 (Not Found) @ http://localhost:3001/images/dark-texture.png:0
[    9760ms] [LOG] [Fast Refresh] rebuilding @ webpack-internal:///(app-pages-browser)/./node_modules/next/dist/client/components/react-dev-overlay/app/hot-reloader-client.js:186
[    9781ms] [LOG] [Fast Refresh] done in 22ms @ webpack-internal:///(app-pages-browser)/./node_modules/next/dist/client/components/react-dev-overlay/app/hot-reloader-client.js:43
[   10012ms] [ERROR] Failed to load resource: the server responded with a status of 404 (Not Found) @ http://localhost:3001/images/dark-texture.png:0
[   10028ms] [LOG] [Fast Refresh] rebuilding @ webpack-internal:///(app-pages-browser)/./node_modules/next/dist/client/components/react-dev-overlay/app/hot-reloader-client.js:186
[   10050ms] [LOG] [Fast Refresh] done in 22ms @ webpack-internal:///(app-pages-browser)/./node_modules/next/dist/client/components/react-dev-overlay/app/hot-reloader-client.js:43
[   10466ms] [LOG] [Fast Refresh] rebuilding @ webpack-internal:///(app-pages-browser)/./node_modules/next/dist/client/components/react-dev-overlay/app/hot-reloader-client.js:186
[   10678ms] [LOG] [Fast Refresh] done in 212ms @ webpack-internal:///(app-pages-browser)/./node_modules/next/dist/client/components/react-dev-overlay/app/hot-reloader-client.js:43
[   10684ms] [LOG] [Fast Refresh] rebuilding @ webpack-internal:///(app-pages-browser)/./node_modules/next/dist/client/components/react-dev-overlay/app/hot-reloader-client.js:186
[   10730ms] [ERROR] Failed to load resource: the server responded with a status of 404 (Not Found) @ http://localhost:3001/images/dark-texture.png:0
[   10895ms] [LOG] [Fast Refresh] done in 211ms @ webpack-internal:///(app-pages-browser)/./node_modules/next/dist/client/components/react-dev-overlay/app/hot-reloader-client.js:43
[   11130ms] [LOG] [Fast Refresh] done in 446ms @ webpack-internal:///(app-pages-browser)/./node_modules/next/dist/client/components/react-dev-overlay/app/hot-reloader-client.js:43
[   11158ms] [LOG] [Fast Refresh] rebuilding @ webpack-internal:///(app-pages-browser)/./node_modules/next/dist/client/components/react-dev-overlay/app/hot-reloader-client.js:186
[   11177ms] [ERROR] Failed to load resource: the server responded with a status of 404 (Not Found) @ http://localhost:3001/images/dark-texture.png:0
[   11422ms] [LOG] [Fast Refresh] done in 265ms @ webpack-internal:///(app-pages-browser)/./node_modules/next/dist/client/components/react-dev-overlay/app/hot-reloader-client.js:43
[   11462ms] [LOG] [Fast Refresh] rebuilding @ webpack-internal:///(app-pages-browser)/./node_modules/next/dist/client/components/react-dev-overlay/app/hot-reloader-client.js:186
[   11614ms] [LOG] [Fast Refresh] rebuilding @ webpack-internal:///(app-pages-browser)/./node_modules/next/dist/client/components/react-dev-overlay/app/hot-reloader-client.js:186
[   11649ms] [LOG] [Fast Refresh] done in 35ms @ webpack-internal:///(app-pages-browser)/./node_modules/next/dist/client/components/react-dev-overlay/app/hot-reloader-client.js:43
[   11954ms] [ERROR] Failed to load resource: the server responded with a status of 404 (Not Found) @ http://localhost:3001/images/dark-texture.png:0
[   11959ms] [LOG] [Fast Refresh] rebuilding @ webpack-internal:///(app-pages-browser)/./node_modules/next/dist/client/components/react-dev-overlay/app/hot-reloader-client.js:186
[   11960ms] [LOG] [Fast Refresh] done in 2ms @ webpack-internal:///(app-pages-browser)/./node_modules/next/dist/client/components/react-dev-overlay/app/hot-reloader-client.js:43
[   12204ms] [LOG] [Fast Refresh] rebuilding @ webpack-internal:///(app-pages-browser)/./node_modules/next/dist/client/components/react-dev-overlay/app/hot-reloader-client.js:186
[   12245ms] [LOG] [Fast Refresh] done in 41ms @ webpack-internal:///(app-pages-browser)/./node_modules/next/dist/client/components/react-dev-overlay/app/hot-reloader-client.js:43
[   12458ms] [ERROR] Failed to load resource: the server responded with a status of 404 (Not Found) @ http://localhost:3001/images/dark-texture.png:0
[   12464ms] [LOG] [Fast Refresh] rebuilding @ webpack-internal:///(app-pages-browser)/./node_modules/next/dist/client/components/react-dev-overlay/app/hot-reloader-client.js:186
[   12467ms] [LOG] [Fast Refresh] done in 3ms @ webpack-internal:///(app-pages-browser)/./node_modules/next/dist/client/components/react-dev-overlay/app/hot-reloader-client.js:43
[   12632ms] [LOG] [Fast Refresh] rebuilding @ webpack-internal:///(app-pages-browser)/./node_modules/next/dist/client/components/react-dev-overlay/app/hot-reloader-client.js:186
[   12706ms] [LOG] [Fast Refresh] done in 75ms @ webpack-internal:///(app-pages-browser)/./node_modules/next/dist/client/components/react-dev-overlay/app/hot-reloader-client.js:43
[   12886ms] [ERROR] Failed to load resource: the server responded with a status of 404 (Not Found) @ http://localhost:3001/images/dark-texture.png:0
[   12911ms] [LOG] [Fast Refresh] rebuilding @ webpack-internal:///(app-pages-browser)/./node_modules/next/dist/client/components/react-dev-overlay/app/hot-reloader-client.js:186
[   12916ms] [LOG] [Fast Refresh] done in 6ms @ webpack-internal:///(app-pages-browser)/./node_modules/next/dist/client/components/react-dev-overlay/app/hot-reloader-client.js:43
[   13071ms] [LOG] [Fast Refresh] rebuilding @ webpack-internal:///(app-pages-browser)/./node_modules/next/dist/client/components/react-dev-overlay/app/hot-reloader-client.js:186
[   13093ms] [LOG] [Fast Refresh] done in 22ms @ webpack-internal:///(app-pages-browser)/./node_modules/next/dist/client/components/react-dev-overlay/app/hot-reloader-client.js:43
[   13374ms] [ERROR] Failed to load resource: the server responded with a status of 404 (Not Found) @ http://localhost:3001/images/dark-texture.png:0
[   13377ms] [LOG] [Fast Refresh] done in 306ms @ webpack-internal:///(app-pages-browser)/./node_modules/next/dist/client/components/react-dev-overlay/app/hot-reloader-client.js:43
[   13409ms] [LOG] [Fast Refresh] rebuilding @ webpack-internal:///(app-pages-browser)/./node_modules/next/dist/client/components/react-dev-overlay/app/hot-reloader-client.js:186
[   13594ms] [LOG] [Fast Refresh] rebuilding @ webpack-internal:///(app-pages-browser)/./node_modules/next/dist/client/components/react-dev-overlay/app/hot-reloader-client.js:186
[   13640ms] [LOG] [Fast Refresh] done in 46ms @ webpack-internal:///(app-pages-browser)/./node_modules/next/dist/client/components/react-dev-overlay/app/hot-reloader-client.js:43
[   13970ms] [ERROR] Failed to load resource: the server responded with a status of 404 (Not Found) @ http://localhost:3001/images/dark-texture.png:0
[   13978ms] [LOG] [Fast Refresh] done in 383ms @ webpack-internal:///(app-pages-browser)/./node_modules/next/dist/client/components/react-dev-overlay/app/hot-reloader-client.js:43
[   14011ms] [LOG] [Fast Refresh] rebuilding @ webpack-internal:///(app-pages-browser)/./node_modules/next/dist/client/components/react-dev-overlay/app/hot-reloader-client.js:186
[   14212ms] [LOG] [Fast Refresh] rebuilding @ webpack-internal:///(app-pages-browser)/./node_modules/next/dist/client/components/react-dev-overlay/app/hot-reloader-client.js:186
[   14253ms] [LOG] [Fast Refresh] done in 41ms @ webpack-internal:///(app-pages-browser)/./node_modules/next/dist/client/components/react-dev-overlay/app/hot-reloader-client.js:43
[   14574ms] [ERROR] Failed to load resource: the server responded with a status of 404 (Not Found) @ http://localhost:3001/images/dark-texture.png:0
[   14615ms] [LOG] [Fast Refresh] rebuilding @ webpack-internal:///(app-pages-browser)/./node_modules/next/dist/client/components/react-dev-overlay/app/hot-reloader-client.js:186
[   14650ms] [LOG] [Fast Refresh] done in 34ms @ webpack-internal:///(app-pages-browser)/./node_modules/next/dist/client/components/react-dev-overlay/app/hot-reloader-client.js:43
[   14819ms] [LOG] [Fast Refresh] rebuilding @ webpack-internal:///(app-pages-browser)/./node_modules/next/dist/client/components/react-dev-overlay/app/hot-reloader-client.js:186
[   14845ms] [LOG] [Fast Refresh] done in 26ms @ webpack-internal:///(app-pages-browser)/./node_modules/next/dist/client/components/react-dev-overlay/app/hot-reloader-client.js:43
[   15097ms] [ERROR] Failed to load resource: the server responded with a status of 404 (Not Found) @ http://localhost:3001/images/dark-texture.png:0
[   15101ms] [LOG] [Fast Refresh] done in 281ms @ webpack-internal:///(app-pages-browser)/./node_modules/next/dist/client/components/react-dev-overlay/app/hot-reloader-client.js:43
[   15126ms] [LOG] [Fast Refresh] rebuilding @ webpack-internal:///(app-pages-browser)/./node_modules/next/dist/client/components/react-dev-overlay/app/hot-reloader-client.js:186
[   15280ms] [LOG] [Fast Refresh] rebuilding @ webpack-internal:///(app-pages-browser)/./node_modules/next/dist/client/components/react-dev-overlay/app/hot-reloader-client.js:186
[   15312ms] [LOG] [Fast Refresh] done in 32ms @ webpack-internal:///(app-pages-browser)/./node_modules/next/dist/client/components/react-dev-overlay/app/hot-reloader-client.js:43
[   15572ms] [ERROR] Failed to load resource: the server responded with a status of 404 (Not Found) @ http://localhost:3001/images/dark-texture.png:0
[   15604ms] [LOG] [Fast Refresh] rebuilding @ webpack-internal:///(app-pages-browser)/./node_modules/next/dist/client/components/react-dev-overlay/app/hot-reloader-client.js:186
[   15610ms] [LOG] [Fast Refresh] done in 5ms @ webpack-internal:///(app-pages-browser)/./node_modules/next/dist/client/components/react-dev-overlay/app/hot-reloader-client.js:43
[   15780ms] [LOG] [Fast Refresh] rebuilding @ webpack-internal:///(app-pages-browser)/./node_modules/next/dist/client/components/react-dev-overlay/app/hot-reloader-client.js:186
[   15801ms] [LOG] [Fast Refresh] done in 21ms @ webpack-internal:///(app-pages-browser)/./node_modules/next/dist/client/components/react-dev-overlay/app/hot-reloader-client.js:43
[   16016ms] [ERROR] Failed to load resource: the server responded with a status of 404 (Not Found) @ http://localhost:3001/images/dark-texture.png:0
[   16044ms] [LOG] [Fast Refresh] rebuilding @ webpack-internal:///(app-pages-browser)/./node_modules/next/dist/client/components/react-dev-overlay/app/hot-reloader-client.js:186
[   16049ms] [LOG] [Fast Refresh] done in 5ms @ webpack-internal:///(app-pages-browser)/./node_modules/next/dist/client/components/react-dev-overlay/app/hot-reloader-client.js:43
[   16226ms] [LOG] [Fast Refresh] rebuilding @ webpack-internal:///(app-pages-browser)/./node_modules/next/dist/client/components/react-dev-overlay/app/hot-reloader-client.js:186
[   16246ms] [LOG] [Fast Refresh] done in 21ms @ webpack-internal:///(app-pages-browser)/./node_modules/next/dist/client/components/react-dev-overlay/app/hot-reloader-client.js:43
[   16464ms] [ERROR] Failed to load resource: the server responded with a status of 404 (Not Found) @ http://localhost:3001/images/dark-texture.png:0
[   16468ms] [LOG] [Fast Refresh] rebuilding @ webpack-internal:///(app-pages-browser)/./node_modules/next/dist/client/components/react-dev-overlay/app/hot-reloader-client.js:186
[   16471ms] [LOG] [Fast Refresh] done in 3ms @ webpack-internal:///(app-pages-browser)/./node_modules/next/dist/client/components/react-dev-overlay/app/hot-reloader-client.js:43
[   16696ms] [LOG] [Fast Refresh] rebuilding @ webpack-internal:///(app-pages-browser)/./node_modules/next/dist/client/components/react-dev-overlay/app/hot-reloader-client.js:186
[   16729ms] [LOG] [Fast Refresh] done in 33ms @ webpack-internal:///(app-pages-browser)/./node_modules/next/dist/client/components/react-dev-overlay/app/hot-reloader-client.js:43
[   17014ms] [ERROR] Failed to load resource: the server responded with a status of 404 (Not Found) @ http://localhost:3001/images/dark-texture.png:0
[   17056ms] [LOG] [Fast Refresh] rebuilding @ webpack-internal:///(app-pages-browser)/./node_modules/next/dist/client/components/react-dev-overlay/app/hot-reloader-client.js:186
[   17076ms] [LOG] [Fast Refresh] done in 21ms @ webpack-internal:///(app-pages-browser)/./node_modules/next/dist/client/components/react-dev-overlay/app/hot-reloader-client.js:43
[   17249ms] [LOG] [Fast Refresh] rebuilding @ webpack-internal:///(app-pages-browser)/./node_modules/next/dist/client/components/react-dev-overlay/app/hot-reloader-client.js:186
[   17289ms] [LOG] [Fast Refresh] done in 39ms @ webpack-internal:///(app-pages-browser)/./node_modules/next/dist/client/components/react-dev-overlay/app/hot-reloader-client.js:43
[   17752ms] [ERROR] Failed to load resource: the server responded with a status of 404 (Not Found) @ http://localhost:3001/images/dark-texture.png:0
[   17768ms] [LOG] [Fast Refresh] rebuilding @ webpack-internal:///(app-pages-browser)/./node_modules/next/dist/client/components/react-dev-overlay/app/hot-reloader-client.js:186
[   17824ms] [LOG] [Fast Refresh] done in 55ms @ webpack-internal:///(app-pages-browser)/./node_modules/next/dist/client/components/react-dev-overlay/app/hot-reloader-client.js:43
[   18133ms] [LOG] [Fast Refresh] rebuilding @ webpack-internal:///(app-pages-browser)/./node_modules/next/dist/client/components/react-dev-overlay/app/hot-reloader-client.js:186
[   18206ms] [LOG] [Fast Refresh] done in 74ms @ webpack-internal:///(app-pages-browser)/./node_modules/next/dist/client/components/react-dev-overlay/app/hot-reloader-client.js:43
[   18546ms] [ERROR] Failed to load resource: the server responded with a status of 404 (Not Found) @ http://localhost:3001/images/dark-texture.png:0
[   18584ms] [LOG] [Fast Refresh] rebuilding @ webpack-internal:///(app-pages-browser)/./node_modules/next/dist/client/components/react-dev-overlay/app/hot-reloader-client.js:186
[   18608ms] [LOG] [Fast Refresh] done in 25ms @ webpack-internal:///(app-pages-browser)/./node_modules/next/dist/client/components/react-dev-overlay/app/hot-reloader-client.js:43
[   18776ms] [LOG] [Fast Refresh] rebuilding @ webpack-internal:///(app-pages-browser)/./node_modules/next/dist/client/components/react-dev-overlay/app/hot-reloader-client.js:186
[   18824ms] [LOG] [Fast Refresh] done in 47ms @ webpack-internal:///(app-pages-browser)/./node_modules/next/dist/client/components/react-dev-overlay/app/hot-reloader-client.js:43
[   19114ms] [ERROR] Failed to load resource: the server responded with a status of 404 (Not Found) @ http://localhost:3001/images/dark-texture.png:0
[   19116ms] [LOG] [Fast Refresh] done in 339ms @ webpack-internal:///(app-pages-browser)/./node_modules/next/dist/client/components/react-dev-overlay/app/hot-reloader-client.js:43
[   19155ms] [LOG] [Fast Refresh] rebuilding @ webpack-internal:///(app-pages-browser)/./node_modules/next/dist/client/components/react-dev-overlay/app/hot-reloader-client.js:186
[   19326ms] [LOG] [Fast Refresh] rebuilding @ webpack-internal:///(app-pages-browser)/./node_modules/next/dist/client/components/react-dev-overlay/app/hot-reloader-client.js:186
[   19347ms] [LOG] [Fast Refresh] done in 22ms @ webpack-internal:///(app-pages-browser)/./node_modules/next/dist/client/components/react-dev-overlay/app/hot-reloader-client.js:43
[   19590ms] [ERROR] Failed to load resource: the server responded with a status of 404 (Not Found) @ http://localhost:3001/images/dark-texture.png:0
[   19627ms] [LOG] [Fast Refresh] rebuilding @ webpack-internal:///(app-pages-browser)/./node_modules/next/dist/client/components/react-dev-overlay/app/hot-reloader-client.js:186
[   19633ms] [LOG] [Fast Refresh] done in 6ms @ webpack-internal:///(app-pages-browser)/./node_modules/next/dist/client/components/react-dev-overlay/app/hot-reloader-client.js:43
[   19878ms] [LOG] [Fast Refresh] rebuilding @ webpack-internal:///(app-pages-browser)/./node_modules/next/dist/client/components/react-dev-overlay/app/hot-reloader-client.js:186
[   19910ms] [LOG] [Fast Refresh] done in 32ms @ webpack-internal:///(app-pages-browser)/./node_modules/next/dist/client/components/react-dev-overlay/app/hot-reloader-client.js:43
[   20179ms] [ERROR] Failed to load resource: the server responded with a status of 404 (Not Found) @ http://localhost:3001/images/dark-texture.png:0
[   20220ms] [LOG] [Fast Refresh] rebuilding @ webpack-internal:///(app-pages-browser)/./node_modules/next/dist/client/components/react-dev-overlay/app/hot-reloader-client.js:186
[   20229ms] [LOG] [Fast Refresh] done in 10ms @ webpack-internal:///(app-pages-browser)/./node_modules/next/dist/client/components/react-dev-overlay/app/hot-reloader-client.js:43
[   20431ms] [LOG] [Fast Refresh] rebuilding @ webpack-internal:///(app-pages-browser)/./node_modules/next/dist/client/components/react-dev-overlay/app/hot-reloader-client.js:186
[   20469ms] [LOG] [Fast Refresh] done in 38ms @ webpack-internal:///(app-pages-browser)/./node_modules/next/dist/client/components/react-dev-overlay/app/hot-reloader-client.js:43
[   20825ms] [ERROR] Failed to load resource: the server responded with a status of 404 (Not Found) @ http://localhost:3001/images/dark-texture.png:0
[   20865ms] [LOG] [Fast Refresh] rebuilding @ webpack-internal:///(app-pages-browser)/./node_modules/next/dist/client/components/react-dev-overlay/app/hot-reloader-client.js:186
[   20889ms] [LOG] [Fast Refresh] done in 25ms @ webpack-internal:///(app-pages-browser)/./node_modules/next/dist/client/components/react-dev-overlay/app/hot-reloader-client.js:43
[   21134ms] [ERROR] Failed to load resource: the server responded with a status of 404 (Not Found) @ http://localhost:3001/images/dark-texture.png:0
[   21149ms] [LOG] [Fast Refresh] rebuilding @ webpack-internal:///(app-pages-browser)/./node_modules/next/dist/client/components/react-dev-overlay/app/hot-reloader-client.js:186
[   21185ms] [LOG] [Fast Refresh] done in 37ms @ webpack-internal:///(app-pages-browser)/./node_modules/next/dist/client/components/react-dev-overlay/app/hot-reloader-client.js:43
[   21383ms] [LOG] [Fast Refresh] rebuilding @ webpack-internal:///(app-pages-browser)/./node_modules/next/dist/client/components/react-dev-overlay/app/hot-reloader-client.js:186
[   21433ms] [LOG] [Fast Refresh] done in 51ms @ webpack-internal:///(app-pages-browser)/./node_modules/next/dist/client/components/react-dev-overlay/app/hot-reloader-client.js:43
[   21877ms] [ERROR] Failed to load resource: the server responded with a status of 404 (Not Found) @ http://localhost:3001/images/dark-texture.png:0
[   21899ms] [LOG] [Fast Refresh] rebuilding @ webpack-internal:///(app-pages-browser)/./node_modules/next/dist/client/components/react-dev-overlay/app/hot-reloader-client.js:186
[   21911ms] [LOG] [Fast Refresh] done in 12ms @ webpack-internal:///(app-pages-browser)/./node_modules/next/dist/client/components/react-dev-overlay/app/hot-reloader-client.js:43
[   22075ms] [LOG] [Fast Refresh] rebuilding @ webpack-internal:///(app-pages-browser)/./node_modules/next/dist/client/components/react-dev-overlay/app/hot-reloader-client.js:186
[   22104ms] [LOG] [Fast Refresh] done in 29ms @ webpack-internal:///(app-pages-browser)/./node_modules/next/dist/client/components/react-dev-overlay/app/hot-reloader-client.js:43
[   22388ms] [ERROR] Failed to load resource: the server responded with a status of 404 (Not Found) @ http://localhost:3001/images/dark-texture.png:0
[   22416ms] [LOG] [Fast Refresh] rebuilding @ webpack-internal:///(app-pages-browser)/./node_modules/next/dist/client/components/react-dev-overlay/app/hot-reloader-client.js:186
[   22429ms] [LOG] [Fast Refresh] done in 12ms @ webpack-internal:///(app-pages-browser)/./node_modules/next/dist/client/components/react-dev-overlay/app/hot-reloader-client.js:43
[   22583ms] [LOG] [Fast Refresh] rebuilding @ webpack-internal:///(app-pages-browser)/./node_modules/next/dist/client/components/react-dev-overlay/app/hot-reloader-client.js:186
[   22624ms] [LOG] [Fast Refresh] done in 42ms @ webpack-internal:///(app-pages-browser)/./node_modules/next/dist/client/components/react-dev-overlay/app/hot-reloader-client.js:43
[   22869ms] [ERROR] Failed to load resource: the server responded with a status of 404 (Not Found) @ http://localhost:3001/images/dark-texture.png:0
[   22873ms] [LOG] [Fast Refresh] done in 291ms @ webpack-internal:///(app-pages-browser)/./node_modules/next/dist/client/components/react-dev-overlay/app/hot-reloader-client.js:43
[   22914ms] [LOG] [Fast Refresh] rebuilding @ webpack-internal:///(app-pages-browser)/./node_modules/next/dist/client/components/react-dev-overlay/app/hot-reloader-client.js:186
[   23079ms] [LOG] [Fast Refresh] rebuilding @ webpack-internal:///(app-pages-browser)/./node_modules/next/dist/client/components/react-dev-overlay/app/hot-reloader-client.js:186
[   23101ms] [LOG] [Fast Refresh] done in 22ms @ webpack-internal:///(app-pages-browser)/./node_modules/next/dist/client/components/react-dev-overlay/app/hot-reloader-client.js:43
[   23360ms] [ERROR] Failed to load resource: the server responded with a status of 404 (Not Found) @ http://localhost:3001/images/dark-texture.png:0
[   23393ms] [LOG] [Fast Refresh] rebuilding @ webpack-internal:///(app-pages-browser)/./node_modules/next/dist/client/components/react-dev-overlay/app/hot-reloader-client.js:186
[   23418ms] [LOG] [Fast Refresh] done in 26ms @ webpack-internal:///(app-pages-browser)/./node_modules/next/dist/client/components/react-dev-overlay/app/hot-reloader-client.js:43
[   23575ms] [LOG] [Fast Refresh] rebuilding @ webpack-internal:///(app-pages-browser)/./node_modules/next/dist/client/components/react-dev-overlay/app/hot-reloader-client.js:186
[   23627ms] [LOG] [Fast Refresh] done in 51ms @ webpack-internal:///(app-pages-browser)/./node_modules/next/dist/client/components/react-dev-overlay/app/hot-reloader-client.js:43
[   24075ms] [ERROR] Failed to load resource: the server responded with a status of 404 (Not Found) @ http://localhost:3001/images/dark-texture.png:0
[   24129ms] [LOG] [Fast Refresh] rebuilding @ webpack-internal:///(app-pages-browser)/./node_modules/next/dist/client/components/react-dev-overlay/app/hot-reloader-client.js:186
[   24150ms] [LOG] [Fast Refresh] done in 21ms @ webpack-internal:///(app-pages-browser)/./node_modules/next/dist/client/components/react-dev-overlay/app/hot-reloader-client.js:43
[   24680ms] [LOG] [Fast Refresh] done in 552ms @ webpack-internal:///(app-pages-browser)/./node_modules/next/dist/client/components/react-dev-overlay/app/hot-reloader-client.js:43
[   24718ms] [LOG] [Fast Refresh] rebuilding @ webpack-internal:///(app-pages-browser)/./node_modules/next/dist/client/components/react-dev-overlay/app/hot-reloader-client.js:186
[   24913ms] [ERROR] Failed to load resource: the server responded with a status of 404 (Not Found) @ http://localhost:3001/images/dark-texture.png:0
[   25098ms] [LOG] [Fast Refresh] done in 380ms @ webpack-internal:///(app-pages-browser)/./node_modules/next/dist/client/components/react-dev-overlay/app/hot-reloader-client.js:43
[   25256ms] [LOG] [Fast Refresh] rebuilding @ webpack-internal:///(app-pages-browser)/./node_modules/next/dist/client/components/react-dev-overlay/app/hot-reloader-client.js:186
[   25532ms] [LOG] [Fast Refresh] rebuilding @ webpack-internal:///(app-pages-browser)/./node_modules/next/dist/client/components/react-dev-overlay/app/hot-reloader-client.js:186
[   25711ms] [LOG] [Fast Refresh] done in 179ms @ webpack-internal:///(app-pages-browser)/./node_modules/next/dist/client/components/react-dev-overlay/app/hot-reloader-client.js:43
[   26026ms] [ERROR] Failed to load resource: the server responded with a status of 404 (Not Found) @ http://localhost:3001/images/dark-texture.png:0
[   26073ms] [LOG] [Fast Refresh] rebuilding @ webpack-internal:///(app-pages-browser)/./node_modules/next/dist/client/components/react-dev-overlay/app/hot-reloader-client.js:186
[   26113ms] [LOG] [Fast Refresh] done in 40ms @ webpack-internal:///(app-pages-browser)/./node_modules/next/dist/client/components/react-dev-overlay/app/hot-reloader-client.js:43
[   26332ms] [LOG] [Fast Refresh] rebuilding @ webpack-internal:///(app-pages-browser)/./node_modules/next/dist/client/components/react-dev-overlay/app/hot-reloader-client.js:186
[   26382ms] [LOG] [Fast Refresh] done in 51ms @ webpack-internal:///(app-pages-browser)/./node_modules/next/dist/client/components/react-dev-overlay/app/hot-reloader-client.js:43
[   26667ms] [ERROR] Failed to load resource: the server responded with a status of 404 (Not Found) @ http://localhost:3001/images/dark-texture.png:0
[   26756ms] [LOG] [Fast Refresh] rebuilding @ webpack-internal:///(app-pages-browser)/./node_modules/next/dist/client/components/react-dev-overlay/app/hot-reloader-client.js:186
[   26794ms] [LOG] [Fast Refresh] done in 38ms @ webpack-internal:///(app-pages-browser)/./node_modules/next/dist/client/components/react-dev-overlay/app/hot-reloader-client.js:43
[   26954ms] [ERROR] Failed to load resource: the server responded with a status of 404 (Not Found) @ http://localhost:3001/images/dark-texture.png:0
[   26977ms] [LOG] [Fast Refresh] rebuilding @ webpack-internal:///(app-pages-browser)/./node_modules/next/dist/client/components/react-dev-overlay/app/hot-reloader-client.js:186
[   27042ms] [LOG] [Fast Refresh] done in 65ms @ webpack-internal:///(app-pages-browser)/./node_modules/next/dist/client/components/react-dev-overlay/app/hot-reloader-client.js:43
[   27282ms] [LOG] [Fast Refresh] rebuilding @ webpack-internal:///(app-pages-browser)/./node_modules/next/dist/client/components/react-dev-overlay/app/hot-reloader-client.js:186
[   27441ms] [LOG] [Fast Refresh] done in 160ms @ webpack-internal:///(app-pages-browser)/./node_modules/next/dist/client/components/react-dev-overlay/app/hot-reloader-client.js:43
[   27842ms] [ERROR] Failed to load resource: the server responded with a status of 404 (Not Found) @ http://localhost:3001/images/dark-texture.png:0
[   27877ms] [LOG] [Fast Refresh] rebuilding @ webpack-internal:///(app-pages-browser)/./node_modules/next/dist/client/components/react-dev-overlay/app/hot-reloader-client.js:186
[   27960ms] [LOG] [Fast Refresh] done in 83ms @ webpack-internal:///(app-pages-browser)/./node_modules/next/dist/client/components/react-dev-overlay/app/hot-reloader-client.js:43
[   28277ms] [ERROR] Failed to load resource: the server responded with a status of 404 (Not Found) @ http://localhost:3001/images/dark-texture.png:0
[   28296ms] [LOG] [Fast Refresh] rebuilding @ webpack-internal:///(app-pages-browser)/./node_modules/next/dist/client/components/react-dev-overlay/app/hot-reloader-client.js:186
[   28327ms] [LOG] [Fast Refresh] done in 31ms @ webpack-internal:///(app-pages-browser)/./node_modules/next/dist/client/components/react-dev-overlay/app/hot-reloader-client.js:43
[   28552ms] [LOG] [Fast Refresh] rebuilding @ webpack-internal:///(app-pages-browser)/./node_modules/next/dist/client/components/react-dev-overlay/app/hot-reloader-client.js:186
[   28602ms] [LOG] [Fast Refresh] done in 51ms @ webpack-internal:///(app-pages-browser)/./node_modules/next/dist/client/components/react-dev-overlay/app/hot-reloader-client.js:43
[   29011ms] [ERROR] Failed to load resource: the server responded with a status of 404 (Not Found) @ http://localhost:3001/images/dark-texture.png:0
[   29075ms] [LOG] [Fast Refresh] rebuilding @ webpack-internal:///(app-pages-browser)/./node_modules/next/dist/client/components/react-dev-overlay/app/hot-reloader-client.js:186
[   29101ms] [LOG] [Fast Refresh] done in 25ms @ webpack-internal:///(app-pages-browser)/./node_modules/next/dist/client/components/react-dev-overlay/app/hot-reloader-client.js:43
[   29295ms] [LOG] [Fast Refresh] rebuilding @ webpack-internal:///(app-pages-browser)/./node_modules/next/dist/client/components/react-dev-overlay/app/hot-reloader-client.js:186
[   29341ms] [LOG] [Fast Refresh] done in 46ms @ webpack-internal:///(app-pages-browser)/./node_modules/next/dist/client/components/react-dev-overlay/app/hot-reloader-client.js:43
[   29664ms] [ERROR] Failed to load resource: the server responded with a status of 404 (Not Found) @ http://localhost:3001/images/dark-texture.png:0
[   29695ms] [LOG] [Fast Refresh] rebuilding @ webpack-internal:///(app-pages-browser)/./node_modules/next/dist/client/components/react-dev-overlay/app/hot-reloader-client.js:186
[   29717ms] [LOG] [Fast Refresh] done in 23ms @ webpack-internal:///(app-pages-browser)/./node_modules/next/dist/client/components/react-dev-overlay/app/hot-reloader-client.js:43
[   29926ms] [LOG] [Fast Refresh] rebuilding @ webpack-internal:///(app-pages-browser)/./node_modules/next/dist/client/components/react-dev-overlay/app/hot-reloader-client.js:186
[   29976ms] [LOG] [Fast Refresh] done in 50ms @ webpack-internal:///(app-pages-browser)/./node_modules/next/dist/client/components/react-dev-overlay/app/hot-reloader-client.js:43
[   30351ms] [ERROR] Failed to load resource: the server responded with a status of 404 (Not Found) @ http://localhost:3001/images/dark-texture.png:0
[   30375ms] [LOG] [Fast Refresh] rebuilding @ webpack-internal:///(app-pages-browser)/./node_modules/next/dist/client/components/react-dev-overlay/app/hot-reloader-client.js:186
[   30397ms] [LOG] [Fast Refresh] done in 22ms @ webpack-internal:///(app-pages-browser)/./node_modules/next/dist/client/components/react-dev-overlay/app/hot-reloader-client.js:43
[   30597ms] [LOG] [Fast Refresh] rebuilding @ webpack-internal:///(app-pages-browser)/./node_modules/next/dist/client/components/react-dev-overlay/app/hot-reloader-client.js:186
[   30658ms] [LOG] [Fast Refresh] done in 61ms @ webpack-internal:///(app-pages-browser)/./node_modules/next/dist/client/components/react-dev-overlay/app/hot-reloader-client.js:43
[   31081ms] [ERROR] Failed to load resource: the server responded with a status of 404 (Not Found) @ http://localhost:3001/images/dark-texture.png:0
[   31157ms] [LOG] [Fast Refresh] rebuilding @ webpack-internal:///(app-pages-browser)/./node_modules/next/dist/client/components/react-dev-overlay/app/hot-reloader-client.js:186
[   31325ms] [LOG] [Fast Refresh] done in 167ms @ webpack-internal:///(app-pages-browser)/./node_modules/next/dist/client/components/react-dev-overlay/app/hot-reloader-client.js:43
[   31465ms] [ERROR] Failed to load resource: the server responded with a status of 404 (Not Found) @ http://localhost:3001/images/dark-texture.png:0
[   31483ms] [LOG] [Fast Refresh] rebuilding @ webpack-internal:///(app-pages-browser)/./node_modules/next/dist/client/components/react-dev-overlay/app/hot-reloader-client.js:186
[   31511ms] [LOG] [Fast Refresh] done in 28ms @ webpack-internal:///(app-pages-browser)/./node_modules/next/dist/client/components/react-dev-overlay/app/hot-reloader-client.js:43
[   31751ms] [LOG] [Fast Refresh] rebuilding @ webpack-internal:///(app-pages-browser)/./node_modules/next/dist/client/components/react-dev-overlay/app/hot-reloader-client.js:186
[   31802ms] [LOG] [Fast Refresh] done in 50ms @ webpack-internal:///(app-pages-browser)/./node_modules/next/dist/client/components/react-dev-overlay/app/hot-reloader-client.js:43
[   32177ms] [ERROR] Failed to load resource: the server responded with a status of 404 (Not Found) @ http://localhost:3001/images/dark-texture.png:0
[   32222ms] [LOG] [Fast Refresh] rebuilding @ webpack-internal:///(app-pages-browser)/./node_modules/next/dist/client/components/react-dev-overlay/app/hot-reloader-client.js:186
[   32244ms] [LOG] [Fast Refresh] done in 22ms @ webpack-internal:///(app-pages-browser)/./node_modules/next/dist/client/components/react-dev-overlay/app/hot-reloader-client.js:43
[   32651ms] [LOG] [Fast Refresh] rebuilding @ webpack-internal:///(app-pages-browser)/./node_modules/next/dist/client/components/react-dev-overlay/app/hot-reloader-client.js:186
[   32695ms] [LOG] [Fast Refresh] done in 44ms @ webpack-internal:///(app-pages-browser)/./node_modules/next/dist/client/components/react-dev-overlay/app/hot-reloader-client.js:43
[   33113ms] [ERROR] Failed to load resource: the server responded with a status of 404 (Not Found) @ http://localhost:3001/images/dark-texture.png:0
[   33158ms] [LOG] [Fast Refresh] rebuilding @ webpack-internal:///(app-pages-browser)/./node_modules/next/dist/client/components/react-dev-overlay/app/hot-reloader-client.js:186
[   33180ms] [LOG] [Fast Refresh] done in 22ms @ webpack-internal:///(app-pages-browser)/./node_modules/next/dist/client/components/react-dev-overlay/app/hot-reloader-client.js:43
[   33474ms] [LOG] [Fast Refresh] rebuilding @ webpack-internal:///(app-pages-browser)/./node_modules/next/dist/client/components/react-dev-overlay/app/hot-reloader-client.js:186
[   33592ms] [LOG] [Fast Refresh] done in 117ms @ webpack-internal:///(app-pages-browser)/./node_modules/next/dist/client/components/react-dev-overlay/app/hot-reloader-client.js:43
[   34312ms] [ERROR] Failed to load resource: the server responded with a status of 404 (Not Found) @ http://localhost:3001/images/dark-texture.png:0
[   34380ms] [LOG] [Fast Refresh] rebuilding @ webpack-internal:///(app-pages-browser)/./node_modules/next/dist/client/components/react-dev-overlay/app/hot-reloader-client.js:186
[   34411ms] [LOG] [Fast Refresh] done in 31ms @ webpack-internal:///(app-pages-browser)/./node_modules/next/dist/client/components/react-dev-overlay/app/hot-reloader-client.js:43
[   34742ms] [LOG] [Fast Refresh] rebuilding @ webpack-internal:///(app-pages-browser)/./node_modules/next/dist/client/components/react-dev-overlay/app/hot-reloader-client.js:186
[   35049ms] [LOG] [Fast Refresh] done in 307ms @ webpack-internal:///(app-pages-browser)/./node_modules/next/dist/client/components/react-dev-overlay/app/hot-reloader-client.js:43
[   35303ms] [ERROR] Failed to load resource: the server responded with a status of 404 (Not Found) @ http://localhost:3001/images/dark-texture.png:0
[   35311ms] [LOG] [Fast Refresh] rebuilding @ webpack-internal:///(app-pages-browser)/./node_modules/next/dist/client/components/react-dev-overlay/app/hot-reloader-client.js:186
[   35389ms] [LOG] [Fast Refresh] done in 78ms @ webpack-internal:///(app-pages-browser)/./node_modules/next/dist/client/components/react-dev-overlay/app/hot-reloader-client.js:43
[   35694ms] [LOG] [Fast Refresh] rebuilding @ webpack-internal:///(app-pages-browser)/./node_modules/next/dist/client/components/react-dev-overlay/app/hot-reloader-client.js:186
[   35751ms] [LOG] [Fast Refresh] done in 57ms @ webpack-internal:///(app-pages-browser)/./node_modules/next/dist/client/components/react-dev-overlay/app/hot-reloader-client.js:43
[   36321ms] [ERROR] Failed to load resource: the server responded with a status of 404 (Not Found) @ http://localhost:3001/images/dark-texture.png:0
[   36495ms] [LOG] [Fast Refresh] rebuilding @ webpack-internal:///(app-pages-browser)/./node_modules/next/dist/client/components/react-dev-overlay/app/hot-reloader-client.js:186
[   36921ms] [LOG] [Fast Refresh] done in 426ms @ webpack-internal:///(app-pages-browser)/./node_modules/next/dist/client/components/react-dev-overlay/app/hot-reloader-client.js:43
[   36939ms] [LOG] [Fast Refresh] rebuilding @ webpack-internal:///(app-pages-browser)/./node_modules/next/dist/client/components/react-dev-overlay/app/hot-reloader-client.js:186
[   37266ms] [ERROR] Failed to load resource: the server responded with a status of 404 (Not Found) @ http://localhost:3001/images/dark-texture.png:0
[   37653ms] [LOG] [Fast Refresh] done in 715ms @ webpack-internal:///(app-pages-browser)/./node_modules/next/dist/client/components/react-dev-overlay/app/hot-reloader-client.js:43
[   37758ms] [LOG] [Fast Refresh] rebuilding @ webpack-internal:///(app-pages-browser)/./node_modules/next/dist/client/components/react-dev-overlay/app/hot-reloader-client.js:186
[   38228ms] [LOG] [Fast Refresh] done in 471ms @ webpack-internal:///(app-pages-browser)/./node_modules/next/dist/client/components/react-dev-overlay/app/hot-reloader-client.js:43
[   38254ms] [LOG] [Fast Refresh] rebuilding @ webpack-internal:///(app-pages-browser)/./node_modules/next/dist/client/components/react-dev-overlay/app/hot-reloader-client.js:186
[   38874ms] [LOG] [Fast Refresh] done in 619ms @ webpack-internal:///(app-pages-browser)/./node_modules/next/dist/client/components/react-dev-overlay/app/hot-reloader-client.js:43
[   38904ms] [LOG] [Fast Refresh] rebuilding @ webpack-internal:///(app-pages-browser)/./node_modules/next/dist/client/components/react-dev-overlay/app/hot-reloader-client.js:186
[   38946ms] [ERROR] Failed to load resource: the server responded with a status of 404 (Not Found) @ http://localhost:3001/images/dark-texture.png:0
[   39133ms] [LOG] [Fast Refresh] done in 229ms @ webpack-internal:///(app-pages-browser)/./node_modules/next/dist/client/components/react-dev-overlay/app/hot-reloader-client.js:43
[   39183ms] [LOG] [Fast Refresh] rebuilding @ webpack-internal:///(app-pages-browser)/./node_modules/next/dist/client/components/react-dev-overlay/app/hot-reloader-client.js:186
[   39395ms] [LOG] [Fast Refresh] done in 213ms @ webpack-internal:///(app-pages-browser)/./node_modules/next/dist/client/components/react-dev-overlay/app/hot-reloader-client.js:43
[   39762ms] [ERROR] Failed to load resource: the server responded with a status of 404 (Not Found) @ http://localhost:3001/images/dark-texture.png:0
[   39825ms] [LOG] [Fast Refresh] rebuilding @ webpack-internal:///(app-pages-browser)/./node_modules/next/dist/client/components/react-dev-overlay/app/hot-reloader-client.js:186
[   39852ms] [LOG] [Fast Refresh] done in 27ms @ webpack-internal:///(app-pages-browser)/./node_modules/next/dist/client/components/react-dev-overlay/app/hot-reloader-client.js:43
[   40163ms] [LOG] [Fast Refresh] rebuilding @ webpack-internal:///(app-pages-browser)/./node_modules/next/dist/client/components/react-dev-overlay/app/hot-reloader-client.js:186
[   40228ms] [LOG] [Fast Refresh] done in 66ms @ webpack-internal:///(app-pages-browser)/./node_modules/next/dist/client/components/react-dev-overlay/app/hot-reloader-client.js:43
[   40807ms] [ERROR] Failed to load resource: the server responded with a status of 404 (Not Found) @ http://localhost:3001/images/dark-texture.png:0
[   40853ms] [LOG] [Fast Refresh] rebuilding @ webpack-internal:///(app-pages-browser)/./node_modules/next/dist/client/components/react-dev-overlay/app/hot-reloader-client.js:186
[   40875ms] [LOG] [Fast Refresh] done in 21ms @ webpack-internal:///(app-pages-browser)/./node_modules/next/dist/client/components/react-dev-overlay/app/hot-reloader-client.js:43
[   41210ms] [LOG] [Fast Refresh] rebuilding @ webpack-internal:///(app-pages-browser)/./node_modules/next/dist/client/components/react-dev-overlay/app/hot-reloader-client.js:186
[   41373ms] [LOG] [Fast Refresh] done in 163ms @ webpack-internal:///(app-pages-browser)/./node_modules/next/dist/client/components/react-dev-overlay/app/hot-reloader-client.js:43
[   41685ms] [ERROR] Failed to load resource: the server responded with a status of 404 (Not Found) @ http://localhost:3001/images/dark-texture.png:0
[   41756ms] [LOG] [Fast Refresh] rebuilding @ webpack-internal:///(app-pages-browser)/./node_modules/next/dist/client/components/react-dev-overlay/app/hot-reloader-client.js:186
[   41779ms] [LOG] [Fast Refresh] done in 23ms @ webpack-internal:///(app-pages-browser)/./node_modules/next/dist/client/components/react-dev-overlay/app/hot-reloader-client.js:43
[   42047ms] [LOG] [Fast Refresh] rebuilding @ webpack-internal:///(app-pages-browser)/./node_modules/next/dist/client/components/react-dev-overlay/app/hot-reloader-client.js:186
[   42479ms] [LOG] [Fast Refresh] done in 432ms @ webpack-internal:///(app-pages-browser)/./node_modules/next/dist/client/components/react-dev-overlay/app/hot-reloader-client.js:43
[   42943ms] [ERROR] Failed to load resource: the server responded with a status of 404 (Not Found) @ http://localhost:3001/images/dark-texture.png:0
[   42993ms] [LOG] [Fast Refresh] rebuilding @ webpack-internal:///(app-pages-browser)/./node_modules/next/dist/client/components/react-dev-overlay/app/hot-reloader-client.js:186
[   43060ms] [LOG] [Fast Refresh] done in 66ms @ webpack-internal:///(app-pages-browser)/./node_modules/next/dist/client/components/react-dev-overlay/app/hot-reloader-client.js:43
[   44589ms] [LOG] [Fast Refresh] rebuilding @ webpack-internal:///(app-pages-browser)/./node_modules/next/dist/client/components/react-dev-overlay/app/hot-reloader-client.js:186
[   44779ms] [LOG] [Fast Refresh] done in 189ms @ webpack-internal:///(app-pages-browser)/./node_modules/next/dist/client/components/react-dev-overlay/app/hot-reloader-client.js:43
[   46283ms] [WARNING] The resource http://localhost:3001/_next/static/css/app/layout.css?v=1782626976919 was preloaded using link preload but not used within a few seconds from the window's load event. Please make sure it has an appropriate `as` value and it is preloaded intentionally. @ http://localhost:3001/:0
[   46283ms] [WARNING] The resource http://localhost:3001/_next/static/css/app/layout.css?v=1782627003808 was preloaded using link preload but not used within a few seconds from the window's load event. Please make sure it has an appropriate `as` value and it is preloaded intentionally. @ http://localhost:3001/:0
[   46283ms] [WARNING] The resource http://localhost:3001/_next/static/css/app/layout.css?v=1782626968468 was preloaded using link preload but not used within a few seconds from the window's load event. Please make sure it has an appropriate `as` value and it is preloaded intentionally. @ http://localhost:3001/:0
[   46283ms] [WARNING] The resource http://localhost:3001/_next/static/css/app/layout.css?v=1782627003095 was preloaded using link preload but not used within a few seconds from the window's load event. Please make sure it has an appropriate `as` value and it is preloaded intentionally. @ http://localhost:3001/:0
[   46283ms] [WARNING] The resource http://localhost:3001/_next/static/css/app/layout.css?v=1782626990159 was preloaded using link preload but not used within a few seconds from the window's load event. Please make sure it has an appropriate `as` value and it is preloaded intentionally. @ http://localhost:3001/:0
[   46717ms] [LOG] [Fast Refresh] rebuilding @ webpack-internal:///(app-pages-browser)/./node_modules/next/dist/client/components/react-dev-overlay/app/hot-reloader-client.js:186
[   46808ms] [ERROR] Failed to load resource: the server responded with a status of 404 (Not Found) @ http://localhost:3001/images/dark-texture.png:0
[   46817ms] [LOG] [Fast Refresh] done in 101ms @ webpack-internal:///(app-pages-browser)/./node_modules/next/dist/client/components/react-dev-overlay/app/hot-reloader-client.js:43
[   48311ms] [ERROR] Failed to load resource: the server responded with a status of 404 (Not Found) @ http://localhost:3001/images/dark-texture.png:0
[   48320ms] [LOG] [Fast Refresh] done in 1603ms @ webpack-internal:///(app-pages-browser)/./node_modules/next/dist/client/components/react-dev-overlay/app/hot-reloader-client.js:43
[   48323ms] [LOG] [Fast Refresh] rebuilding @ webpack-internal:///(app-pages-browser)/./node_modules/next/dist/client/components/react-dev-overlay/app/hot-reloader-client.js:186
[   49062ms] [LOG] [Fast Refresh] rebuilding @ webpack-internal:///(app-pages-browser)/./node_modules/next/dist/client/components/react-dev-overlay/app/hot-reloader-client.js:186
[   49122ms] [LOG] [Fast Refresh] done in 60ms @ webpack-internal:///(app-pages-browser)/./node_modules/next/dist/client/components/react-dev-overlay/app/hot-reloader-client.js:43
[   50098ms] [ERROR] Failed to load resource: the server responded with a status of 404 (Not Found) @ http://localhost:3001/images/dark-texture.png:0
[   50105ms] [LOG] [Fast Refresh] done in 1043ms @ webpack-internal:///(app-pages-browser)/./node_modules/next/dist/client/components/react-dev-overlay/app/hot-reloader-client.js:43
[   50110ms] [LOG] [Fast Refresh] rebuilding @ webpack-internal:///(app-pages-browser)/./node_modules/next/dist/client/components/react-dev-overlay/app/hot-reloader-client.js:186
[   50953ms] [LOG] [Fast Refresh] rebuilding @ webpack-internal:///(app-pages-browser)/./node_modules/next/dist/client/components/react-dev-overlay/app/hot-reloader-client.js:186
[   51023ms] [LOG] [Fast Refresh] done in 69ms @ webpack-internal:///(app-pages-browser)/./node_modules/next/dist/client/components/react-dev-overlay/app/hot-reloader-client.js:43
[   51848ms] [ERROR] Failed to load resource: the server responded with a status of 404 (Not Found) @ http://localhost:3001/images/dark-texture.png:0
[   51865ms] [LOG] [Fast Refresh] done in 911ms @ webpack-internal:///(app-pages-browser)/./node_modules/next/dist/client/components/react-dev-overlay/app/hot-reloader-client.js:43
[   51873ms] [LOG] [Fast Refresh] rebuilding @ webpack-internal:///(app-pages-browser)/./node_modules/next/dist/client/components/react-dev-overlay/app/hot-reloader-client.js:186
[   52348ms] [LOG] [Fast Refresh] rebuilding @ webpack-internal:///(app-pages-browser)/./node_modules/next/dist/client/components/react-dev-overlay/app/hot-reloader-client.js:186
[   52390ms] [LOG] [Fast Refresh] done in 43ms @ webpack-internal:///(app-pages-browser)/./node_modules/next/dist/client/components/react-dev-overlay/app/hot-reloader-client.js:43
[   53031ms] [ERROR] Failed to load resource: the server responded with a status of 404 (Not Found) @ http://localhost:3001/images/dark-texture.png:0
[   53039ms] [LOG] [Fast Refresh] done in 691ms @ webpack-internal:///(app-pages-browser)/./node_modules/next/dist/client/components/react-dev-overlay/app/hot-reloader-client.js:43
[   53041ms] [LOG] [Fast Refresh] rebuilding @ webpack-internal:///(app-pages-browser)/./node_modules/next/dist/client/components/react-dev-overlay/app/hot-reloader-client.js:186
[   53555ms] [LOG] [Fast Refresh] rebuilding @ webpack-internal:///(app-pages-browser)/./node_modules/next/dist/client/components/react-dev-overlay/app/hot-reloader-client.js:186
[   53595ms] [LOG] [Fast Refresh] done in 41ms @ webpack-internal:///(app-pages-browser)/./node_modules/next/dist/client/components/react-dev-overlay/app/hot-reloader-client.js:43
[   55296ms] [ERROR] Failed to load resource: the server responded with a status of 404 (Not Found) @ http://localhost:3001/images/dark-texture.png:0
[   55307ms] [LOG] [Fast Refresh] done in 1752ms @ webpack-internal:///(app-pages-browser)/./node_modules/next/dist/client/components/react-dev-overlay/app/hot-reloader-client.js:43
[   55326ms] [LOG] [Fast Refresh] rebuilding @ webpack-internal:///(app-pages-browser)/./node_modules/next/dist/client/components/react-dev-overlay/app/hot-reloader-client.js:186
[   55833ms] [LOG] [Fast Refresh] rebuilding @ webpack-internal:///(app-pages-browser)/./node_modules/next/dist/client/components/react-dev-overlay/app/hot-reloader-client.js:186
[   55885ms] [LOG] [Fast Refresh] done in 52ms @ webpack-internal:///(app-pages-browser)/./node_modules/next/dist/client/components/react-dev-overlay/app/hot-reloader-client.js:43
[   56836ms] [ERROR] Failed to load resource: the server responded with a status of 404 (Not Found) @ http://localhost:3001/images/dark-texture.png:0
[   56926ms] [LOG] [Fast Refresh] rebuilding @ webpack-internal:///(app-pages-browser)/./node_modules/next/dist/client/components/react-dev-overlay/app/hot-reloader-client.js:186
[   56932ms] [LOG] [Fast Refresh] done in 6ms @ webpack-internal:///(app-pages-browser)/./node_modules/next/dist/client/components/react-dev-overlay/app/hot-reloader-client.js:43
[   58589ms] [LOG] [Fast Refresh] rebuilding @ webpack-internal:///(app-pages-browser)/./node_modules/next/dist/client/components/react-dev-overlay/app/hot-reloader-client.js:186
[   58653ms] [LOG] [Fast Refresh] done in 64ms @ webpack-internal:///(app-pages-browser)/./node_modules/next/dist/client/components/react-dev-overlay/app/hot-reloader-client.js:43
[   59540ms] [ERROR] Failed to load resource: the server responded with a status of 404 (Not Found) @ http://localhost:3001/images/dark-texture.png:0
[   59550ms] [LOG] [Fast Refresh] done in 962ms @ webpack-internal:///(app-pages-browser)/./node_modules/next/dist/client/components/react-dev-overlay/app/hot-reloader-client.js:43
[   59560ms] [LOG] [Fast Refresh] rebuilding @ webpack-internal:///(app-pages-browser)/./node_modules/next/dist/client/components/react-dev-overlay/app/hot-reloader-client.js:186
[   60148ms] [LOG] [Fast Refresh] rebuilding @ webpack-internal:///(app-pages-browser)/./node_modules/next/dist/client/components/react-dev-overlay/app/hot-reloader-client.js:186
[   60209ms] [LOG] [Fast Refresh] done in 60ms @ webpack-internal:///(app-pages-browser)/./node_modules/next/dist/client/components/react-dev-overlay/app/hot-reloader-client.js:43
[   61047ms] [ERROR] Failed to load resource: the server responded with a status of 404 (Not Found) @ http://localhost:3001/images/dark-texture.png:0
[   61059ms] [LOG] [Fast Refresh] rebuilding @ webpack-internal:///(app-pages-browser)/./node_modules/next/dist/client/components/react-dev-overlay/app/hot-reloader-client.js:186
[   61064ms] [LOG] [Fast Refresh] done in 6ms @ webpack-internal:///(app-pages-browser)/./node_modules/next/dist/client/components/react-dev-overlay/app/hot-reloader-client.js:43
[   61341ms] [LOG] [Fast Refresh] rebuilding @ webpack-internal:///(app-pages-browser)/./node_modules/next/dist/client/components/react-dev-overlay/app/hot-reloader-client.js:186
[   61367ms] [LOG] [Fast Refresh] done in 26ms @ webpack-internal:///(app-pages-browser)/./node_modules/next/dist/client/components/react-dev-overlay/app/hot-reloader-client.js:43
[   61734ms] [ERROR] Failed to load resource: the server responded with a status of 404 (Not Found) @ http://localhost:3001/images/dark-texture.png:0
[   61736ms] [LOG] [Fast Refresh] done in 396ms @ webpack-internal:///(app-pages-browser)/./node_modules/next/dist/client/components/react-dev-overlay/app/hot-reloader-client.js:43
[   61740ms] [LOG] [Fast Refresh] rebuilding @ webpack-internal:///(app-pages-browser)/./node_modules/next/dist/client/components/react-dev-overlay/app/hot-reloader-client.js:186
[   62026ms] [LOG] [Fast Refresh] rebuilding @ webpack-internal:///(app-pages-browser)/./node_modules/next/dist/client/components/react-dev-overlay/app/hot-reloader-client.js:186
[   62056ms] [LOG] [Fast Refresh] done in 29ms @ webpack-internal:///(app-pages-browser)/./node_modules/next/dist/client/components/react-dev-overlay/app/hot-reloader-client.js:43
[   62499ms] [ERROR] Failed to load resource: the server responded with a status of 404 (Not Found) @ http://localhost:3001/images/dark-texture.png:0
[   62503ms] [LOG] [Fast Refresh] done in 477ms @ webpack-internal:///(app-pages-browser)/./node_modules/next/dist/client/components/react-dev-overlay/app/hot-reloader-client.js:43
[   62508ms] [LOG] [Fast Refresh] rebuilding @ webpack-internal:///(app-pages-browser)/./node_modules/next/dist/client/components/react-dev-overlay/app/hot-reloader-client.js:186
[   62775ms] [LOG] [Fast Refresh] rebuilding @ webpack-internal:///(app-pages-browser)/./node_modules/next/dist/client/components/react-dev-overlay/app/hot-reloader-client.js:186
[   62799ms] [LOG] [Fast Refresh] done in 25ms @ webpack-internal:///(app-pages-browser)/./node_modules/next/dist/client/components/react-dev-overlay/app/hot-reloader-client.js:43
[   63196ms] [ERROR] Failed to load resource: the server responded with a status of 404 (Not Found) @ http://localhost:3001/images/dark-texture.png:0
[   63205ms] [LOG] [Fast Refresh] rebuilding @ webpack-internal:///(app-pages-browser)/./node_modules/next/dist/client/components/react-dev-overlay/app/hot-reloader-client.js:186
[   63206ms] [LOG] [Fast Refresh] done in 1ms @ webpack-internal:///(app-pages-browser)/./node_modules/next/dist/client/components/react-dev-overlay/app/hot-reloader-client.js:43
[   63474ms] [LOG] [Fast Refresh] rebuilding @ webpack-internal:///(app-pages-browser)/./node_modules/next/dist/client/components/react-dev-overlay/app/hot-reloader-client.js:186
[   63517ms] [LOG] [Fast Refresh] done in 43ms @ webpack-internal:///(app-pages-browser)/./node_modules/next/dist/client/components/react-dev-overlay/app/hot-reloader-client.js:43
[   64186ms] [ERROR] Failed to load resource: the server responded with a status of 404 (Not Found) @ http://localhost:3001/images/dark-texture.png:0
[   64197ms] [LOG] [Fast Refresh] rebuilding @ webpack-internal:///(app-pages-browser)/./node_modules/next/dist/client/components/react-dev-overlay/app/hot-reloader-client.js:186
[   64200ms] [LOG] [Fast Refresh] done in 2ms @ webpack-internal:///(app-pages-browser)/./node_modules/next/dist/client/components/react-dev-overlay/app/hot-reloader-client.js:43
[   65557ms] [LOG] [Fast Refresh] rebuilding @ webpack-internal:///(app-pages-browser)/./node_modules/next/dist/client/components/react-dev-overlay/app/hot-reloader-client.js:186
[   65620ms] [LOG] [Fast Refresh] done in 64ms @ webpack-internal:///(app-pages-browser)/./node_modules/next/dist/client/components/react-dev-overlay/app/hot-reloader-client.js:43
[   66419ms] [ERROR] Failed to load resource: the server responded with a status of 404 (Not Found) @ http://localhost:3001/images/dark-texture.png:0
[   66427ms] [LOG] [Fast Refresh] done in 870ms @ webpack-internal:///(app-pages-browser)/./node_modules/next/dist/client/components/react-dev-overlay/app/hot-reloader-client.js:43
[   66430ms] [LOG] [Fast Refresh] rebuilding @ webpack-internal:///(app-pages-browser)/./node_modules/next/dist/client/components/react-dev-overlay/app/hot-reloader-client.js:186
[   66968ms] [LOG] [Fast Refresh] rebuilding @ webpack-internal:///(app-pages-browser)/./node_modules/next/dist/client/components/react-dev-overlay/app/hot-reloader-client.js:186
[   67009ms] [LOG] [Fast Refresh] done in 41ms @ webpack-internal:///(app-pages-browser)/./node_modules/next/dist/client/components/react-dev-overlay/app/hot-reloader-client.js:43
[   67741ms] [ERROR] Failed to load resource: the server responded with a status of 404 (Not Found) @ http://localhost:3001/images/dark-texture.png:0
[   67747ms] [LOG] [Fast Refresh] done in 779ms @ webpack-internal:///(app-pages-browser)/./node_modules/next/dist/client/components/react-dev-overlay/app/hot-reloader-client.js:43
[   67753ms] [LOG] [Fast Refresh] rebuilding @ webpack-internal:///(app-pages-browser)/./node_modules/next/dist/client/components/react-dev-overlay/app/hot-reloader-client.js:186
[   68159ms] [LOG] [Fast Refresh] rebuilding @ webpack-internal:///(app-pages-browser)/./node_modules/next/dist/client/components/react-dev-overlay/app/hot-reloader-client.js:186
[   68219ms] [LOG] [Fast Refresh] done in 61ms @ webpack-internal:///(app-pages-browser)/./node_modules/next/dist/client/components/react-dev-overlay/app/hot-reloader-client.js:43
[   68807ms] [ERROR] Failed to load resource: the server responded with a status of 404 (Not Found) @ http://localhost:3001/images/dark-texture.png:0
[   68816ms] [LOG] [Fast Refresh] done in 657ms @ webpack-internal:///(app-pages-browser)/./node_modules/next/dist/client/components/react-dev-overlay/app/hot-reloader-client.js:43
[   68820ms] [LOG] [Fast Refresh] rebuilding @ webpack-internal:///(app-pages-browser)/./node_modules/next/dist/client/components/react-dev-overlay/app/hot-reloader-client.js:186
[   69248ms] [LOG] [Fast Refresh] rebuilding @ webpack-internal:///(app-pages-browser)/./node_modules/next/dist/client/components/react-dev-overlay/app/hot-reloader-client.js:186
[   69288ms] [LOG] [Fast Refresh] done in 41ms @ webpack-internal:///(app-pages-browser)/./node_modules/next/dist/client/components/react-dev-overlay/app/hot-reloader-client.js:43
[   69740ms] [ERROR] Failed to load resource: the server responded with a status of 404 (Not Found) @ http://localhost:3001/images/dark-texture.png:0
[   69748ms] [LOG] [Fast Refresh] rebuilding @ webpack-internal:///(app-pages-browser)/./node_modules/next/dist/client/components/react-dev-overlay/app/hot-reloader-client.js:186
[   69749ms] [LOG] [Fast Refresh] done in 1ms @ webpack-internal:///(app-pages-browser)/./node_modules/next/dist/client/components/react-dev-overlay/app/hot-reloader-client.js:43
[   70091ms] [LOG] [Fast Refresh] rebuilding @ webpack-internal:///(app-pages-browser)/./node_modules/next/dist/client/components/react-dev-overlay/app/hot-reloader-client.js:186
[   70128ms] [LOG] [Fast Refresh] done in 38ms @ webpack-internal:///(app-pages-browser)/./node_modules/next/dist/client/components/react-dev-overlay/app/hot-reloader-client.js:43
[   70712ms] [ERROR] Failed to load resource: the server responded with a status of 404 (Not Found) @ http://localhost:3001/images/dark-texture.png:0
[   70718ms] [LOG] [Fast Refresh] done in 627ms @ webpack-internal:///(app-pages-browser)/./node_modules/next/dist/client/components/react-dev-overlay/app/hot-reloader-client.js:43
[   70722ms] [LOG] [Fast Refresh] rebuilding @ webpack-internal:///(app-pages-browser)/./node_modules/next/dist/client/components/react-dev-overlay/app/hot-reloader-client.js:186
[   71256ms] [LOG] [Fast Refresh] rebuilding @ webpack-internal:///(app-pages-browser)/./node_modules/next/dist/client/components/react-dev-overlay/app/hot-reloader-client.js:186
[   71297ms] [LOG] [Fast Refresh] done in 40ms @ webpack-internal:///(app-pages-browser)/./node_modules/next/dist/client/components/react-dev-overlay/app/hot-reloader-client.js:43
[   73027ms] [ERROR] Failed to load resource: the server responded with a status of 404 (Not Found) @ http://localhost:3001/images/dark-texture.png:0
[   73036ms] [LOG] [Fast Refresh] done in 1779ms @ webpack-internal:///(app-pages-browser)/./node_modules/next/dist/client/components/react-dev-overlay/app/hot-reloader-client.js:43
[   73038ms] [LOG] [Fast Refresh] rebuilding @ webpack-internal:///(app-pages-browser)/./node_modules/next/dist/client/components/react-dev-overlay/app/hot-reloader-client.js:186
[   73498ms] [LOG] [Fast Refresh] rebuilding @ webpack-internal:///(app-pages-browser)/./node_modules/next/dist/client/components/react-dev-overlay/app/hot-reloader-client.js:186
[   73540ms] [LOG] [Fast Refresh] done in 43ms @ webpack-internal:///(app-pages-browser)/./node_modules/next/dist/client/components/react-dev-overlay/app/hot-reloader-client.js:43
[   74718ms] [ERROR] Failed to load resource: the server responded with a status of 404 (Not Found) @ http://localhost:3001/images/dark-texture.png:0
[   74747ms] [LOG] [Fast Refresh] rebuilding @ webpack-internal:///(app-pages-browser)/./node_modules/next/dist/client/components/react-dev-overlay/app/hot-reloader-client.js:186
[   74750ms] [LOG] [Fast Refresh] done in 2ms @ webpack-internal:///(app-pages-browser)/./node_modules/next/dist/client/components/react-dev-overlay/app/hot-reloader-client.js:43
[   76523ms] [LOG] [Fast Refresh] rebuilding @ webpack-internal:///(app-pages-browser)/./node_modules/next/dist/client/components/react-dev-overlay/app/hot-reloader-client.js:186
[   76614ms] [LOG] [Fast Refresh] done in 92ms @ webpack-internal:///(app-pages-browser)/./node_modules/next/dist/client/components/react-dev-overlay/app/hot-reloader-client.js:43
[   77441ms] [ERROR] Failed to load resource: the server responded with a status of 404 (Not Found) @ http://localhost:3001/images/dark-texture.png:0
[   77458ms] [LOG] [Fast Refresh] done in 935ms @ webpack-internal:///(app-pages-browser)/./node_modules/next/dist/client/components/react-dev-overlay/app/hot-reloader-client.js:43
[   77461ms] [LOG] [Fast Refresh] rebuilding @ webpack-internal:///(app-pages-browser)/./node_modules/next/dist/client/components/react-dev-overlay/app/hot-reloader-client.js:186
[   77935ms] [LOG] [Fast Refresh] rebuilding @ webpack-internal:///(app-pages-browser)/./node_modules/next/dist/client/components/react-dev-overlay/app/hot-reloader-client.js:186
[   77972ms] [LOG] [Fast Refresh] done in 36ms @ webpack-internal:///(app-pages-browser)/./node_modules/next/dist/client/components/react-dev-overlay/app/hot-reloader-client.js:43
[   79284ms] [ERROR] Failed to load resource: the server responded with a status of 404 (Not Found) @ http://localhost:3001/images/dark-texture.png:0
[   79333ms] [LOG] [Fast Refresh] done in 1398ms @ webpack-internal:///(app-pages-browser)/./node_modules/next/dist/client/components/react-dev-overlay/app/hot-reloader-client.js:43
[   79340ms] [LOG] [Fast Refresh] rebuilding @ webpack-internal:///(app-pages-browser)/./node_modules/next/dist/client/components/react-dev-overlay/app/hot-reloader-client.js:186
[   80351ms] [LOG] [Fast Refresh] rebuilding @ webpack-internal:///(app-pages-browser)/./node_modules/next/dist/client/components/react-dev-overlay/app/hot-reloader-client.js:186
[   80587ms] [LOG] [Fast Refresh] done in 237ms @ webpack-internal:///(app-pages-browser)/./node_modules/next/dist/client/components/react-dev-overlay/app/hot-reloader-client.js:43
[   82659ms] [WARNING] The resource http://localhost:3001/_next/static/css/app/layout.css?v=1782626976919 was preloaded using link preload but not used within a few seconds from the window's load event. Please make sure it has an appropriate `as` value and it is preloaded intentionally. @ http://localhost:3001/:0
[   82660ms] [WARNING] The resource http://localhost:3001/_next/static/css/app/layout.css?v=1782627003808 was preloaded using link preload but not used within a few seconds from the window's load event. Please make sure it has an appropriate `as` value and it is preloaded intentionally. @ http://localhost:3001/:0
[   82660ms] [WARNING] The resource http://localhost:3001/_next/static/css/app/layout.css?v=1782626968468 was preloaded using link preload but not used within a few seconds from the window's load event. Please make sure it has an appropriate `as` value and it is preloaded intentionally. @ http://localhost:3001/:0
[   82660ms] [WARNING] The resource http://localhost:3001/_next/static/css/app/layout.css?v=1782627003095 was preloaded using link preload but not used within a few seconds from the window's load event. Please make sure it has an appropriate `as` value and it is preloaded intentionally. @ http://localhost:3001/:0
[   82660ms] [WARNING] The resource http://localhost:3001/_next/static/css/app/layout.css?v=1782626990159 was preloaded using link preload but not used within a few seconds from the window's load event. Please make sure it has an appropriate `as` value and it is preloaded intentionally. @ http://localhost:3001/:0
[   83503ms] [ERROR] Failed to load resource: the server responded with a status of 404 (Not Found) @ http://localhost:3001/images/dark-texture.png:0
[   83523ms] [LOG] [Fast Refresh] rebuilding @ webpack-internal:///(app-pages-browser)/./node_modules/next/dist/client/components/react-dev-overlay/app/hot-reloader-client.js:186
[   83526ms] [LOG] [Fast Refresh] done in 2ms @ webpack-internal:///(app-pages-browser)/./node_modules/next/dist/client/components/react-dev-overlay/app/hot-reloader-client.js:43
[   84319ms] [LOG] [Fast Refresh] rebuilding @ webpack-internal:///(app-pages-browser)/./node_modules/next/dist/client/components/react-dev-overlay/app/hot-reloader-client.js:186
[   84391ms] [LOG] [Fast Refresh] done in 71ms @ webpack-internal:///(app-pages-browser)/./node_modules/next/dist/client/components/react-dev-overlay/app/hot-reloader-client.js:43
[   85280ms] [ERROR] Failed to load resource: the server responded with a status of 404 (Not Found) @ http://localhost:3001/images/dark-texture.png:0
[   85287ms] [LOG] [Fast Refresh] done in 968ms @ webpack-internal:///(app-pages-browser)/./node_modules/next/dist/client/components/react-dev-overlay/app/hot-reloader-client.js:43
[   85292ms] [LOG] [Fast Refresh] rebuilding @ webpack-internal:///(app-pages-browser)/./node_modules/next/dist/client/components/react-dev-overlay/app/hot-reloader-client.js:186
[   85706ms] [LOG] [Fast Refresh] rebuilding @ webpack-internal:///(app-pages-browser)/./node_modules/next/dist/client/components/react-dev-overlay/app/hot-reloader-client.js:186
[   85740ms] [LOG] [Fast Refresh] done in 34ms @ webpack-internal:///(app-pages-browser)/./node_modules/next/dist/client/components/react-dev-overlay/app/hot-reloader-client.js:43
[   86272ms] [ERROR] Failed to load resource: the server responded with a status of 404 (Not Found) @ http://localhost:3001/images/dark-texture.png:0
[   86277ms] [LOG] [Fast Refresh] done in 572ms @ webpack-internal:///(app-pages-browser)/./node_modules/next/dist/client/components/react-dev-overlay/app/hot-reloader-client.js:43
[   86282ms] [LOG] [Fast Refresh] rebuilding @ webpack-internal:///(app-pages-browser)/./node_modules/next/dist/client/components/react-dev-overlay/app/hot-reloader-client.js:186
[   86669ms] [LOG] [Fast Refresh] rebuilding @ webpack-internal:///(app-pages-browser)/./node_modules/next/dist/client/components/react-dev-overlay/app/hot-reloader-client.js:186
[   86714ms] [LOG] [Fast Refresh] done in 45ms @ webpack-internal:///(app-pages-browser)/./node_modules/next/dist/client/components/react-dev-overlay/app/hot-reloader-client.js:43
[   88002ms] [ERROR] Failed to load resource: the server responded with a status of 404 (Not Found) @ http://localhost:3001/images/dark-texture.png:0
[   88016ms] [LOG] [Fast Refresh] rebuilding @ webpack-internal:///(app-pages-browser)/./node_modules/next/dist/client/components/react-dev-overlay/app/hot-reloader-client.js:186
[   88022ms] [LOG] [Fast Refresh] done in 7ms @ webpack-internal:///(app-pages-browser)/./node_modules/next/dist/client/components/react-dev-overlay/app/hot-reloader-client.js:43
[   88595ms] [LOG] [Fast Refresh] rebuilding @ webpack-internal:///(app-pages-browser)/./node_modules/next/dist/client/components/react-dev-overlay/app/hot-reloader-client.js:186
[   88666ms] [LOG] [Fast Refresh] done in 72ms @ webpack-internal:///(app-pages-browser)/./node_modules/next/dist/client/components/react-dev-overlay/app/hot-reloader-client.js:43
[   89305ms] [ERROR] Failed to load resource: the server responded with a status of 404 (Not Found) @ http://localhost:3001/images/dark-texture.png:0
[   89316ms] [LOG] [Fast Refresh] rebuilding @ webpack-internal:///(app-pages-browser)/./node_modules/next/dist/client/components/react-dev-overlay/app/hot-reloader-client.js:186
[   89317ms] [LOG] [Fast Refresh] done in 2ms @ webpack-internal:///(app-pages-browser)/./node_modules/next/dist/client/components/react-dev-overlay/app/hot-reloader-client.js:43
[   89730ms] [LOG] [Fast Refresh] rebuilding @ webpack-internal:///(app-pages-browser)/./node_modules/next/dist/client/components/react-dev-overlay/app/hot-reloader-client.js:186
[   89767ms] [LOG] [Fast Refresh] done in 37ms @ webpack-internal:///(app-pages-browser)/./node_modules/next/dist/client/components/react-dev-overlay/app/hot-reloader-client.js:43
[   90441ms] [ERROR] Failed to load resource: the server responded with a status of 404 (Not Found) @ http://localhost:3001/images/dark-texture.png:0
[   90452ms] [LOG] [Fast Refresh] done in 723ms @ webpack-internal:///(app-pages-browser)/./node_modules/next/dist/client/components/react-dev-overlay/app/hot-reloader-client.js:43
[   90455ms] [LOG] [Fast Refresh] rebuilding @ webpack-internal:///(app-pages-browser)/./node_modules/next/dist/client/components/react-dev-overlay/app/hot-reloader-client.js:186
[   91133ms] [LOG] [Fast Refresh] rebuilding @ webpack-internal:///(app-pages-browser)/./node_modules/next/dist/client/components/react-dev-overlay/app/hot-reloader-client.js:186
[   91203ms] [LOG] [Fast Refresh] done in 71ms @ webpack-internal:///(app-pages-browser)/./node_modules/next/dist/client/components/react-dev-overlay/app/hot-reloader-client.js:43
[   91849ms] [ERROR] Failed to load resource: the server responded with a status of 404 (Not Found) @ http://localhost:3001/images/dark-texture.png:0
[   91858ms] [LOG] [Fast Refresh] rebuilding @ webpack-internal:///(app-pages-browser)/./node_modules/next/dist/client/components/react-dev-overlay/app/hot-reloader-client.js:186
[   91861ms] [LOG] [Fast Refresh] done in 4ms @ webpack-internal:///(app-pages-browser)/./node_modules/next/dist/client/components/react-dev-overlay/app/hot-reloader-client.js:43
[   92308ms] [LOG] [Fast Refresh] rebuilding @ webpack-internal:///(app-pages-browser)/./node_modules/next/dist/client/components/react-dev-overlay/app/hot-reloader-client.js:186
[   92351ms] [LOG] [Fast Refresh] done in 44ms @ webpack-internal:///(app-pages-browser)/./node_modules/next/dist/client/components/react-dev-overlay/app/hot-reloader-client.js:43
[   93521ms] [LOG] [Fast Refresh] rebuilding @ webpack-internal:///(app-pages-browser)/./node_modules/next/dist/client/components/react-dev-overlay/app/hot-reloader-client.js:186
[   93627ms] [ERROR] Failed to load resource: the server responded with a status of 404 (Not Found) @ http://localhost:3001/images/dark-texture.png:0
[   93635ms] [LOG] [Fast Refresh] done in 114ms @ webpack-internal:///(app-pages-browser)/./node_modules/next/dist/client/components/react-dev-overlay/app/hot-reloader-client.js:43
[   94132ms] [ERROR] Failed to load resource: the server responded with a status of 404 (Not Found) @ http://localhost:3001/images/dark-texture.png:0
[   94137ms] [LOG] [Fast Refresh] done in 617ms @ webpack-internal:///(app-pages-browser)/./node_modules/next/dist/client/components/react-dev-overlay/app/hot-reloader-client.js:43
[   94141ms] [LOG] [Fast Refresh] rebuilding @ webpack-internal:///(app-pages-browser)/./node_modules/next/dist/client/components/react-dev-overlay/app/hot-reloader-client.js:186
[   94678ms] [LOG] [Fast Refresh] rebuilding @ webpack-internal:///(app-pages-browser)/./node_modules/next/dist/client/components/react-dev-overlay/app/hot-reloader-client.js:186
[   94721ms] [LOG] [Fast Refresh] done in 44ms @ webpack-internal:///(app-pages-browser)/./node_modules/next/dist/client/components/react-dev-overlay/app/hot-reloader-client.js:43
[   96211ms] [ERROR] Failed to load resource: the server responded with a status of 404 (Not Found) @ http://localhost:3001/images/dark-texture.png:0
[   96217ms] [LOG] [Fast Refresh] done in 1540ms @ webpack-internal:///(app-pages-browser)/./node_modules/next/dist/client/components/react-dev-overlay/app/hot-reloader-client.js:43
[   96224ms] [LOG] [Fast Refresh] rebuilding @ webpack-internal:///(app-pages-browser)/./node_modules/next/dist/client/components/react-dev-overlay/app/hot-reloader-client.js:186
[   96658ms] [LOG] [Fast Refresh] rebuilding @ webpack-internal:///(app-pages-browser)/./node_modules/next/dist/client/components/react-dev-overlay/app/hot-reloader-client.js:186
[   96697ms] [LOG] [Fast Refresh] done in 38ms @ webpack-internal:///(app-pages-browser)/./node_modules/next/dist/client/components/react-dev-overlay/app/hot-reloader-client.js:43
[   97250ms] [ERROR] Failed to load resource: the server responded with a status of 404 (Not Found) @ http://localhost:3001/images/dark-texture.png:0
[   97258ms] [LOG] [Fast Refresh] done in 600ms @ webpack-internal:///(app-pages-browser)/./node_modules/next/dist/client/components/react-dev-overlay/app/hot-reloader-client.js:43
[   97260ms] [LOG] [Fast Refresh] rebuilding @ webpack-internal:///(app-pages-browser)/./node_modules/next/dist/client/components/react-dev-overlay/app/hot-reloader-client.js:186
[   97657ms] [LOG] [Fast Refresh] rebuilding @ webpack-internal:///(app-pages-browser)/./node_modules/next/dist/client/components/react-dev-overlay/app/hot-reloader-client.js:186
[   97690ms] [LOG] [Fast Refresh] done in 32ms @ webpack-internal:///(app-pages-browser)/./node_modules/next/dist/client/components/react-dev-overlay/app/hot-reloader-client.js:43
[   98244ms] [ERROR] Failed to load resource: the server responded with a status of 404 (Not Found) @ http://localhost:3001/images/dark-texture.png:0
[   98251ms] [LOG] [Fast Refresh] done in 594ms @ webpack-internal:///(app-pages-browser)/./node_modules/next/dist/client/components/react-dev-overlay/app/hot-reloader-client.js:43
[   98252ms] [LOG] [Fast Refresh] rebuilding @ webpack-internal:///(app-pages-browser)/./node_modules/next/dist/client/components/react-dev-overlay/app/hot-reloader-client.js:186
[   98696ms] [LOG] [Fast Refresh] rebuilding @ webpack-internal:///(app-pages-browser)/./node_modules/next/dist/client/components/react-dev-overlay/app/hot-reloader-client.js:186
[   98730ms] [LOG] [Fast Refresh] done in 35ms @ webpack-internal:///(app-pages-browser)/./node_modules/next/dist/client/components/react-dev-overlay/app/hot-reloader-client.js:43
[   99263ms] [ERROR] Failed to load resource: the server responded with a status of 404 (Not Found) @ http://localhost:3001/images/dark-texture.png:0
[   99273ms] [LOG] [Fast Refresh] rebuilding @ webpack-internal:///(app-pages-browser)/./node_modules/next/dist/client/components/react-dev-overlay/app/hot-reloader-client.js:186
[   99274ms] [LOG] [Fast Refresh] done in 2ms @ webpack-internal:///(app-pages-browser)/./node_modules/next/dist/client/components/react-dev-overlay/app/hot-reloader-client.js:43
[   99932ms] [LOG] [Fast Refresh] rebuilding @ webpack-internal:///(app-pages-browser)/./node_modules/next/dist/client/components/react-dev-overlay/app/hot-reloader-client.js:186
[   99974ms] [LOG] [Fast Refresh] done in 42ms @ webpack-internal:///(app-pages-browser)/./node_modules/next/dist/client/components/react-dev-overlay/app/hot-reloader-client.js:43
[  100644ms] [ERROR] Failed to load resource: the server responded with a status of 404 (Not Found) @ http://localhost:3001/images/dark-texture.png:0
[  100654ms] [LOG] [Fast Refresh] rebuilding @ webpack-internal:///(app-pages-browser)/./node_modules/next/dist/client/components/react-dev-overlay/app/hot-reloader-client.js:186
[  100660ms] [LOG] [Fast Refresh] done in 6ms @ webpack-internal:///(app-pages-browser)/./node_modules/next/dist/client/components/react-dev-overlay/app/hot-reloader-client.js:43
[  101045ms] [LOG] [Fast Refresh] rebuilding @ webpack-internal:///(app-pages-browser)/./node_modules/next/dist/client/components/react-dev-overlay/app/hot-reloader-client.js:186
[  101086ms] [LOG] [Fast Refresh] done in 40ms @ webpack-internal:///(app-pages-browser)/./node_modules/next/dist/client/components/react-dev-overlay/app/hot-reloader-client.js:43
[  101705ms] [ERROR] Failed to load resource: the server responded with a status of 404 (Not Found) @ http://localhost:3001/images/dark-texture.png:0
[  101714ms] [LOG] [Fast Refresh] done in 668ms @ webpack-internal:///(app-pages-browser)/./node_modules/next/dist/client/components/react-dev-overlay/app/hot-reloader-client.js:43
[  101715ms] [LOG] [Fast Refresh] rebuilding @ webpack-internal:///(app-pages-browser)/./node_modules/next/dist/client/components/react-dev-overlay/app/hot-reloader-client.js:186
[  102111ms] [LOG] [Fast Refresh] rebuilding @ webpack-internal:///(app-pages-browser)/./node_modules/next/dist/client/components/react-dev-overlay/app/hot-reloader-client.js:186
[  102144ms] [LOG] [Fast Refresh] done in 34ms @ webpack-internal:///(app-pages-browser)/./node_modules/next/dist/client/components/react-dev-overlay/app/hot-reloader-client.js:43
[  102706ms] [ERROR] Failed to load resource: the server responded with a status of 404 (Not Found) @ http://localhost:3001/images/dark-texture.png:0
[  102714ms] [LOG] [Fast Refresh] done in 604ms @ webpack-internal:///(app-pages-browser)/./node_modules/next/dist/client/components/react-dev-overlay/app/hot-reloader-client.js:43
[  102717ms] [LOG] [Fast Refresh] rebuilding @ webpack-internal:///(app-pages-browser)/./node_modules/next/dist/client/components/react-dev-overlay/app/hot-reloader-client.js:186
[  103077ms] [LOG] [Fast Refresh] rebuilding @ webpack-internal:///(app-pages-browser)/./node_modules/next/dist/client/components/react-dev-overlay/app/hot-reloader-client.js:186
[  103109ms] [LOG] [Fast Refresh] done in 32ms @ webpack-internal:///(app-pages-browser)/./node_modules/next/dist/client/components/react-dev-overlay/app/hot-reloader-client.js:43
[  103673ms] [ERROR] Failed to load resource: the server responded with a status of 404 (Not Found) @ http://localhost:3001/images/dark-texture.png:0
[  103681ms] [LOG] [Fast Refresh] rebuilding @ webpack-internal:///(app-pages-browser)/./node_modules/next/dist/client/components/react-dev-overlay/app/hot-reloader-client.js:186
[  103685ms] [LOG] [Fast Refresh] done in 4ms @ webpack-internal:///(app-pages-browser)/./node_modules/next/dist/client/components/react-dev-overlay/app/hot-reloader-client.js:43
[  104101ms] [LOG] [Fast Refresh] rebuilding @ webpack-internal:///(app-pages-browser)/./node_modules/next/dist/client/components/react-dev-overlay/app/hot-reloader-client.js:186
[  104134ms] [LOG] [Fast Refresh] done in 34ms @ webpack-internal:///(app-pages-browser)/./node_modules/next/dist/client/components/react-dev-overlay/app/hot-reloader-client.js:43
[  104726ms] [ERROR] Failed to load resource: the server responded with a status of 404 (Not Found) @ http://localhost:3001/images/dark-texture.png:0
[  104732ms] [LOG] [Fast Refresh] done in 631ms @ webpack-internal:///(app-pages-browser)/./node_modules/next/dist/client/components/react-dev-overlay/app/hot-reloader-client.js:43
[  104739ms] [LOG] [Fast Refresh] rebuilding @ webpack-internal:///(app-pages-browser)/./node_modules/next/dist/client/components/react-dev-overlay/app/hot-reloader-client.js:186
[  105106ms] [LOG] [Fast Refresh] rebuilding @ webpack-internal:///(app-pages-browser)/./node_modules/next/dist/client/components/react-dev-overlay/app/hot-reloader-client.js:186
[  105140ms] [LOG] [Fast Refresh] done in 33ms @ webpack-internal:///(app-pages-browser)/./node_modules/next/dist/client/components/react-dev-overlay/app/hot-reloader-client.js:43
[  105759ms] [ERROR] Failed to load resource: the server responded with a status of 404 (Not Found) @ http://localhost:3001/images/dark-texture.png:0
[  105790ms] [LOG] [Fast Refresh] done in 684ms @ webpack-internal:///(app-pages-browser)/./node_modules/next/dist/client/components/react-dev-overlay/app/hot-reloader-client.js:43
[  105795ms] [LOG] [Fast Refresh] rebuilding @ webpack-internal:///(app-pages-browser)/./node_modules/next/dist/client/components/react-dev-overlay/app/hot-reloader-client.js:186
[  106229ms] [LOG] [Fast Refresh] rebuilding @ webpack-internal:///(app-pages-browser)/./node_modules/next/dist/client/components/react-dev-overlay/app/hot-reloader-client.js:186
[  106259ms] [LOG] [Fast Refresh] done in 31ms @ webpack-internal:///(app-pages-browser)/./node_modules/next/dist/client/components/react-dev-overlay/app/hot-reloader-client.js:43
[  106729ms] [ERROR] Failed to load resource: the server responded with a status of 404 (Not Found) @ http://localhost:3001/images/dark-texture.png:0
[  106733ms] [LOG] [Fast Refresh] rebuilding @ webpack-internal:///(app-pages-browser)/./node_modules/next/dist/client/components/react-dev-overlay/app/hot-reloader-client.js:186
[  106774ms] [LOG] [Fast Refresh] done in 40ms @ webpack-internal:///(app-pages-browser)/./node_modules/next/dist/client/components/react-dev-overlay/app/hot-reloader-client.js:43
[  107024ms] [LOG] [Fast Refresh] rebuilding @ webpack-internal:///(app-pages-browser)/./node_modules/next/dist/client/components/react-dev-overlay/app/hot-reloader-client.js:186
[  107049ms] [LOG] [Fast Refresh] done in 24ms @ webpack-internal:///(app-pages-browser)/./node_modules/next/dist/client/components/react-dev-overlay/app/hot-reloader-client.js:43
[  107438ms] [ERROR] Failed to load resource: the server responded with a status of 404 (Not Found) @ http://localhost:3001/images/dark-texture.png:0
[  107438ms] [LOG] [Fast Refresh] done in 414ms @ webpack-internal:///(app-pages-browser)/./node_modules/next/dist/client/components/react-dev-overlay/app/hot-reloader-client.js:43
[  107447ms] [LOG] [Fast Refresh] rebuilding @ webpack-internal:///(app-pages-browser)/./node_modules/next/dist/client/components/react-dev-overlay/app/hot-reloader-client.js:186
[  107825ms] [LOG] [Fast Refresh] rebuilding @ webpack-internal:///(app-pages-browser)/./node_modules/next/dist/client/components/react-dev-overlay/app/hot-reloader-client.js:186
[  107867ms] [LOG] [Fast Refresh] done in 43ms @ webpack-internal:///(app-pages-browser)/./node_modules/next/dist/client/components/react-dev-overlay/app/hot-reloader-client.js:43
[  108466ms] [ERROR] Failed to load resource: the server responded with a status of 404 (Not Found) @ http://localhost:3001/images/dark-texture.png:0
[  108507ms] [LOG] [Fast Refresh] done in 683ms @ webpack-internal:///(app-pages-browser)/./node_modules/next/dist/client/components/react-dev-overlay/app/hot-reloader-client.js:43
[  108512ms] [LOG] [Fast Refresh] rebuilding @ webpack-internal:///(app-pages-browser)/./node_modules/next/dist/client/components/react-dev-overlay/app/hot-reloader-client.js:186
[  108915ms] [LOG] [Fast Refresh] rebuilding @ webpack-internal:///(app-pages-browser)/./node_modules/next/dist/client/components/react-dev-overlay/app/hot-reloader-client.js:186
[  108957ms] [LOG] [Fast Refresh] done in 42ms @ webpack-internal:///(app-pages-browser)/./node_modules/next/dist/client/components/react-dev-overlay/app/hot-reloader-client.js:43
[  109504ms] [ERROR] Failed to load resource: the server responded with a status of 404 (Not Found) @ http://localhost:3001/images/dark-texture.png:0
[  109512ms] [LOG] [Fast Refresh] done in 597ms @ webpack-internal:///(app-pages-browser)/./node_modules/next/dist/client/components/react-dev-overlay/app/hot-reloader-client.js:43
[  109515ms] [LOG] [Fast Refresh] rebuilding @ webpack-internal:///(app-pages-browser)/./node_modules/next/dist/client/components/react-dev-overlay/app/hot-reloader-client.js:186
[  109893ms] [LOG] [Fast Refresh] rebuilding @ webpack-internal:///(app-pages-browser)/./node_modules/next/dist/client/components/react-dev-overlay/app/hot-reloader-client.js:186
[  109928ms] [LOG] [Fast Refresh] done in 35ms @ webpack-internal:///(app-pages-browser)/./node_modules/next/dist/client/components/react-dev-overlay/app/hot-reloader-client.js:43
[  110458ms] [ERROR] Failed to load resource: the server responded with a status of 404 (Not Found) @ http://localhost:3001/images/dark-texture.png:0
[  110465ms] [LOG] [Fast Refresh] rebuilding @ webpack-internal:///(app-pages-browser)/./node_modules/next/dist/client/components/react-dev-overlay/app/hot-reloader-client.js:186
[  110468ms] [LOG] [Fast Refresh] done in 3ms @ webpack-internal:///(app-pages-browser)/./node_modules/next/dist/client/components/react-dev-overlay/app/hot-reloader-client.js:43
[  110805ms] [LOG] [Fast Refresh] rebuilding @ webpack-internal:///(app-pages-browser)/./node_modules/next/dist/client/components/react-dev-overlay/app/hot-reloader-client.js:186
[  110841ms] [LOG] [Fast Refresh] done in 36ms @ webpack-internal:///(app-pages-browser)/./node_modules/next/dist/client/components/react-dev-overlay/app/hot-reloader-client.js:43
[  111351ms] [ERROR] Failed to load resource: the server responded with a status of 404 (Not Found) @ http://localhost:3001/images/dark-texture.png:0
[  111355ms] [LOG] [Fast Refresh] done in 550ms @ webpack-internal:///(app-pages-browser)/./node_modules/next/dist/client/components/react-dev-overlay/app/hot-reloader-client.js:43
[  111360ms] [LOG] [Fast Refresh] rebuilding @ webpack-internal:///(app-pages-browser)/./node_modules/next/dist/client/components/react-dev-overlay/app/hot-reloader-client.js:186
[  111759ms] [LOG] [Fast Refresh] rebuilding @ webpack-internal:///(app-pages-browser)/./node_modules/next/dist/client/components/react-dev-overlay/app/hot-reloader-client.js:186
[  111793ms] [LOG] [Fast Refresh] done in 33ms @ webpack-internal:///(app-pages-browser)/./node_modules/next/dist/client/components/react-dev-overlay/app/hot-reloader-client.js:43
[  112298ms] [ERROR] Failed to load resource: the server responded with a status of 404 (Not Found) @ http://localhost:3001/images/dark-texture.png:0
[  112306ms] [LOG] [Fast Refresh] done in 546ms @ webpack-internal:///(app-pages-browser)/./node_modules/next/dist/client/components/react-dev-overlay/app/hot-reloader-client.js:43
[  112315ms] [LOG] [Fast Refresh] rebuilding @ webpack-internal:///(app-pages-browser)/./node_modules/next/dist/client/components/react-dev-overlay/app/hot-reloader-client.js:186
[  112728ms] [LOG] [Fast Refresh] rebuilding @ webpack-internal:///(app-pages-browser)/./node_modules/next/dist/client/components/react-dev-overlay/app/hot-reloader-client.js:186
[  112764ms] [LOG] [Fast Refresh] done in 36ms @ webpack-internal:///(app-pages-browser)/./node_modules/next/dist/client/components/react-dev-overlay/app/hot-reloader-client.js:43
[  113387ms] [ERROR] Failed to load resource: the server responded with a status of 404 (Not Found) @ http://localhost:3001/images/dark-texture.png:0
[  113400ms] [LOG] [Fast Refresh] done in 672ms @ webpack-internal:///(app-pages-browser)/./node_modules/next/dist/client/components/react-dev-overlay/app/hot-reloader-client.js:43
[  113402ms] [LOG] [Fast Refresh] rebuilding @ webpack-internal:///(app-pages-browser)/./node_modules/next/dist/client/components/react-dev-overlay/app/hot-reloader-client.js:186
[  113736ms] [LOG] [Fast Refresh] rebuilding @ webpack-internal:///(app-pages-browser)/./node_modules/next/dist/client/components/react-dev-overlay/app/hot-reloader-client.js:186
[  113763ms] [LOG] [Fast Refresh] done in 26ms @ webpack-internal:///(app-pages-browser)/./node_modules/next/dist/client/components/react-dev-overlay/app/hot-reloader-client.js:43
[  114116ms] [ERROR] Failed to load resource: the server responded with a status of 404 (Not Found) @ http://localhost:3001/images/dark-texture.png:0
[  114121ms] [LOG] [Fast Refresh] done in 384ms @ webpack-internal:///(app-pages-browser)/./node_modules/next/dist/client/components/react-dev-overlay/app/hot-reloader-client.js:43
[  114122ms] [LOG] [Fast Refresh] rebuilding @ webpack-internal:///(app-pages-browser)/./node_modules/next/dist/client/components/react-dev-overlay/app/hot-reloader-client.js:186
[  114332ms] [LOG] [Fast Refresh] rebuilding @ webpack-internal:///(app-pages-browser)/./node_modules/next/dist/client/components/react-dev-overlay/app/hot-reloader-client.js:186
[  114359ms] [LOG] [Fast Refresh] done in 28ms @ webpack-internal:///(app-pages-browser)/./node_modules/next/dist/client/components/react-dev-overlay/app/hot-reloader-client.js:43
[  114837ms] [ERROR] Failed to load resource: the server responded with a status of 404 (Not Found) @ http://localhost:3001/images/dark-texture.png:0
[  114844ms] [LOG] [Fast Refresh] done in 513ms @ webpack-internal:///(app-pages-browser)/./node_modules/next/dist/client/components/react-dev-overlay/app/hot-reloader-client.js:43
[  114848ms] [LOG] [Fast Refresh] rebuilding @ webpack-internal:///(app-pages-browser)/./node_modules/next/dist/client/components/react-dev-overlay/app/hot-reloader-client.js:186
[  115305ms] [LOG] [Fast Refresh] rebuilding @ webpack-internal:///(app-pages-browser)/./node_modules/next/dist/client/components/react-dev-overlay/app/hot-reloader-client.js:186
[  115339ms] [LOG] [Fast Refresh] done in 34ms @ webpack-internal:///(app-pages-browser)/./node_modules/next/dist/client/components/react-dev-overlay/app/hot-reloader-client.js:43
[  115867ms] [ERROR] Failed to load resource: the server responded with a status of 404 (Not Found) @ http://localhost:3001/images/dark-texture.png:0
[  115901ms] [LOG] [Fast Refresh] rebuilding @ webpack-internal:///(app-pages-browser)/./node_modules/next/dist/client/components/react-dev-overlay/app/hot-reloader-client.js:186
[  115904ms] [LOG] [Fast Refresh] done in 3ms @ webpack-internal:///(app-pages-browser)/./node_modules/next/dist/client/components/react-dev-overlay/app/hot-reloader-client.js:43
[  116327ms] [LOG] [Fast Refresh] rebuilding @ webpack-internal:///(app-pages-browser)/./node_modules/next/dist/client/components/react-dev-overlay/app/hot-reloader-client.js:186
[  116373ms] [LOG] [Fast Refresh] done in 46ms @ webpack-internal:///(app-pages-browser)/./node_modules/next/dist/client/components/react-dev-overlay/app/hot-reloader-client.js:43
[  116853ms] [ERROR] Failed to load resource: the server responded with a status of 404 (Not Found) @ http://localhost:3001/images/dark-texture.png:0
[  116859ms] [LOG] [Fast Refresh] done in 532ms @ webpack-internal:///(app-pages-browser)/./node_modules/next/dist/client/components/react-dev-overlay/app/hot-reloader-client.js:43
[  116862ms] [LOG] [Fast Refresh] rebuilding @ webpack-internal:///(app-pages-browser)/./node_modules/next/dist/client/components/react-dev-overlay/app/hot-reloader-client.js:186
[  117121ms] [LOG] [Fast Refresh] rebuilding @ webpack-internal:///(app-pages-browser)/./node_modules/next/dist/client/components/react-dev-overlay/app/hot-reloader-client.js:186
[  117143ms] [LOG] [Fast Refresh] done in 21ms @ webpack-internal:///(app-pages-browser)/./node_modules/next/dist/client/components/react-dev-overlay/app/hot-reloader-client.js:43
[  117601ms] [ERROR] Failed to load resource: the server responded with a status of 404 (Not Found) @ http://localhost:3001/images/dark-texture.png:0
[  117610ms] [LOG] [Fast Refresh] done in 489ms @ webpack-internal:///(app-pages-browser)/./node_modules/next/dist/client/components/react-dev-overlay/app/hot-reloader-client.js:43
[  117613ms] [LOG] [Fast Refresh] rebuilding @ webpack-internal:///(app-pages-browser)/./node_modules/next/dist/client/components/react-dev-overlay/app/hot-reloader-client.js:186
[  119591ms] [LOG] [Fast Refresh] rebuilding @ webpack-internal:///(app-pages-browser)/./node_modules/next/dist/client/components/react-dev-overlay/app/hot-reloader-client.js:186
[  119718ms] [LOG] [Fast Refresh] done in 126ms @ webpack-internal:///(app-pages-browser)/./node_modules/next/dist/client/components/react-dev-overlay/app/hot-reloader-client.js:43
[  120494ms] [ERROR] Failed to load resource: the server responded with a status of 404 (Not Found) @ http://localhost:3001/images/dark-texture.png:0
[  120503ms] [LOG] [Fast Refresh] done in 912ms @ webpack-internal:///(app-pages-browser)/./node_modules/next/dist/client/components/react-dev-overlay/app/hot-reloader-client.js:43
[  120506ms] [LOG] [Fast Refresh] rebuilding @ webpack-internal:///(app-pages-browser)/./node_modules/next/dist/client/components/react-dev-overlay/app/hot-reloader-client.js:186
[  121001ms] [LOG] [Fast Refresh] rebuilding @ webpack-internal:///(app-pages-browser)/./node_modules/next/dist/client/components/react-dev-overlay/app/hot-reloader-client.js:186
[  121071ms] [LOG] [Fast Refresh] done in 71ms @ webpack-internal:///(app-pages-browser)/./node_modules/next/dist/client/components/react-dev-overlay/app/hot-reloader-client.js:43
[  121825ms] [ERROR] Failed to load resource: the server responded with a status of 404 (Not Found) @ http://localhost:3001/images/dark-texture.png:0
[  121984ms] [LOG] [Fast Refresh] done in 984ms @ webpack-internal:///(app-pages-browser)/./node_modules/next/dist/client/components/react-dev-overlay/app/hot-reloader-client.js:43
[  121992ms] [LOG] [Fast Refresh] rebuilding @ webpack-internal:///(app-pages-browser)/./node_modules/next/dist/client/components/react-dev-overlay/app/hot-reloader-client.js:186
[  122844ms] [ERROR] Failed to load resource: the server responded with a status of 404 (Not Found) @ http://localhost:3001/images/dark-texture.png:0
[  122854ms] [LOG] [Fast Refresh] rebuilding @ webpack-internal:///(app-pages-browser)/./node_modules/next/dist/client/components/react-dev-overlay/app/hot-reloader-client.js:186
[  123185ms] [LOG] [Fast Refresh] done in 330ms @ webpack-internal:///(app-pages-browser)/./node_modules/next/dist/client/components/react-dev-overlay/app/hot-reloader-client.js:43
[  123215ms] [LOG] [Fast Refresh] rebuilding @ webpack-internal:///(app-pages-browser)/./node_modules/next/dist/client/components/react-dev-overlay/app/hot-reloader-client.js:186
[  123395ms] [LOG] [Fast Refresh] done in 180ms @ webpack-internal:///(app-pages-browser)/./node_modules/next/dist/client/components/react-dev-overlay/app/hot-reloader-client.js:43
[  123427ms] [LOG] [Fast Refresh] rebuilding @ webpack-internal:///(app-pages-browser)/./node_modules/next/dist/client/components/react-dev-overlay/app/hot-reloader-client.js:186
[  123556ms] [LOG] [Fast Refresh] done in 128ms @ webpack-internal:///(app-pages-browser)/./node_modules/next/dist/client/components/react-dev-overlay/app/hot-reloader-client.js:43
[  123844ms] [ERROR] Failed to load resource: the server responded with a status of 404 (Not Found) @ http://localhost:3001/images/dark-texture.png:0
[  123892ms] [LOG] [Fast Refresh] rebuilding @ webpack-internal:///(app-pages-browser)/./node_modules/next/dist/client/components/react-dev-overlay/app/hot-reloader-client.js:186
[  123911ms] [LOG] [Fast Refresh] done in 19ms @ webpack-internal:///(app-pages-browser)/./node_modules/next/dist/client/components/react-dev-overlay/app/hot-reloader-client.js:43
[  124131ms] [LOG] [Fast Refresh] rebuilding @ webpack-internal:///(app-pages-browser)/./node_modules/next/dist/client/components/react-dev-overlay/app/hot-reloader-client.js:186
[  124177ms] [LOG] [Fast Refresh] done in 47ms @ webpack-internal:///(app-pages-browser)/./node_modules/next/dist/client/components/react-dev-overlay/app/hot-reloader-client.js:43
[  124526ms] [ERROR] Failed to load resource: the server responded with a status of 404 (Not Found) @ http://localhost:3001/images/dark-texture.png:0
[  124575ms] [LOG] [Fast Refresh] rebuilding @ webpack-internal:///(app-pages-browser)/./node_modules/next/dist/client/components/react-dev-overlay/app/hot-reloader-client.js:186
[  124618ms] [LOG] [Fast Refresh] done in 44ms @ webpack-internal:///(app-pages-browser)/./node_modules/next/dist/client/components/react-dev-overlay/app/hot-reloader-client.js:43
[  124931ms] [LOG] [Fast Refresh] rebuilding @ webpack-internal:///(app-pages-browser)/./node_modules/next/dist/client/components/react-dev-overlay/app/hot-reloader-client.js:186
[  124989ms] [LOG] [Fast Refresh] done in 59ms @ webpack-internal:///(app-pages-browser)/./node_modules/next/dist/client/components/react-dev-overlay/app/hot-reloader-client.js:43
[  125525ms] [ERROR] Failed to load resource: the server responded with a status of 404 (Not Found) @ http://localhost:3001/images/dark-texture.png:0
[  125581ms] [LOG] [Fast Refresh] rebuilding @ webpack-internal:///(app-pages-browser)/./node_modules/next/dist/client/components/react-dev-overlay/app/hot-reloader-client.js:186
[  125723ms] [LOG] [Fast Refresh] done in 143ms @ webpack-internal:///(app-pages-browser)/./node_modules/next/dist/client/components/react-dev-overlay/app/hot-reloader-client.js:43
[  126064ms] [ERROR] Failed to load resource: the server responded with a status of 404 (Not Found) @ http://localhost:3001/images/dark-texture.png:0
[  126114ms] [LOG] [Fast Refresh] rebuilding @ webpack-internal:///(app-pages-browser)/./node_modules/next/dist/client/components/react-dev-overlay/app/hot-reloader-client.js:186
[  126294ms] [LOG] [Fast Refresh] done in 180ms @ webpack-internal:///(app-pages-browser)/./node_modules/next/dist/client/components/react-dev-overlay/app/hot-reloader-client.js:43
[  126377ms] [LOG] [Fast Refresh] rebuilding @ webpack-internal:///(app-pages-browser)/./node_modules/next/dist/client/components/react-dev-overlay/app/hot-reloader-client.js:186
[  126429ms] [LOG] [Fast Refresh] done in 52ms @ webpack-internal:///(app-pages-browser)/./node_modules/next/dist/client/components/react-dev-overlay/app/hot-reloader-client.js:43
[  126927ms] [ERROR] Failed to load resource: the server responded with a status of 404 (Not Found) @ http://localhost:3001/images/dark-texture.png:0
[  126961ms] [LOG] [Fast Refresh] rebuilding @ webpack-internal:///(app-pages-browser)/./node_modules/next/dist/client/components/react-dev-overlay/app/hot-reloader-client.js:186
[  126997ms] [LOG] [Fast Refresh] done in 35ms @ webpack-internal:///(app-pages-browser)/./node_modules/next/dist/client/components/react-dev-overlay/app/hot-reloader-client.js:43
[  127341ms] [LOG] [Fast Refresh] rebuilding @ webpack-internal:///(app-pages-browser)/./node_modules/next/dist/client/components/react-dev-overlay/app/hot-reloader-client.js:186
[  127421ms] [LOG] [Fast Refresh] done in 80ms @ webpack-internal:///(app-pages-browser)/./node_modules/next/dist/client/components/react-dev-overlay/app/hot-reloader-client.js:43
[  127878ms] [ERROR] Failed to load resource: the server responded with a status of 404 (Not Found) @ http://localhost:3001/images/dark-texture.png:0
[  127924ms] [LOG] [Fast Refresh] rebuilding @ webpack-internal:///(app-pages-browser)/./node_modules/next/dist/client/components/react-dev-overlay/app/hot-reloader-client.js:186
[  127952ms] [LOG] [Fast Refresh] done in 28ms @ webpack-internal:///(app-pages-browser)/./node_modules/next/dist/client/components/react-dev-overlay/app/hot-reloader-client.js:43
[  128275ms] [LOG] [Fast Refresh] rebuilding @ webpack-internal:///(app-pages-browser)/./node_modules/next/dist/client/components/react-dev-overlay/app/hot-reloader-client.js:186
[  128340ms] [LOG] [Fast Refresh] done in 65ms @ webpack-internal:///(app-pages-browser)/./node_modules/next/dist/client/components/react-dev-overlay/app/hot-reloader-client.js:43
[  129150ms] [ERROR] Failed to load resource: the server responded with a status of 404 (Not Found) @ http://localhost:3001/images/dark-texture.png:0
[  129377ms] [LOG] [Fast Refresh] rebuilding @ webpack-internal:///(app-pages-browser)/./node_modules/next/dist/client/components/react-dev-overlay/app/hot-reloader-client.js:186
[  129684ms] [LOG] [Fast Refresh] done in 307ms @ webpack-internal:///(app-pages-browser)/./node_modules/next/dist/client/components/react-dev-overlay/app/hot-reloader-client.js:43
[  129705ms] [LOG] [Fast Refresh] rebuilding @ webpack-internal:///(app-pages-browser)/./node_modules/next/dist/client/components/react-dev-overlay/app/hot-reloader-client.js:186
[  129916ms] [LOG] [Fast Refresh] done in 211ms @ webpack-internal:///(app-pages-browser)/./node_modules/next/dist/client/components/react-dev-overlay/app/hot-reloader-client.js:43
[  130358ms] [LOG] [Fast Refresh] done in 653ms @ webpack-internal:///(app-pages-browser)/./node_modules/next/dist/client/components/react-dev-overlay/app/hot-reloader-client.js:43
[  130374ms] [LOG] [Fast Refresh] rebuilding @ webpack-internal:///(app-pages-browser)/./node_modules/next/dist/client/components/react-dev-overlay/app/hot-reloader-client.js:186
[  132362ms] [LOG] [Fast Refresh] done in 1987ms @ webpack-internal:///(app-pages-browser)/./node_modules/next/dist/client/components/react-dev-overlay/app/hot-reloader-client.js:43
[  132450ms] [LOG] [Fast Refresh] rebuilding @ webpack-internal:///(app-pages-browser)/./node_modules/next/dist/client/components/react-dev-overlay/app/hot-reloader-client.js:186
[  133285ms] [WARNING] The resource http://localhost:3001/_next/static/css/app/layout.css?v=1782626976919 was preloaded using link preload but not used within a few seconds from the window's load event. Please make sure it has an appropriate `as` value and it is preloaded intentionally. @ http://localhost:3001/:0
[  133286ms] [WARNING] The resource http://localhost:3001/_next/static/css/app/layout.css?v=1782627095067 was preloaded using link preload but not used within a few seconds from the window's load event. Please make sure it has an appropriate `as` value and it is preloaded intentionally. @ http://localhost:3001/:0
[  133286ms] [WARNING] The resource http://localhost:3001/_next/static/css/app/layout.css?v=1782627088836 was preloaded using link preload but not used within a few seconds from the window's load event. Please make sure it has an appropriate `as` value and it is preloaded intentionally. @ http://localhost:3001/:0
[  133286ms] [WARNING] The resource http://localhost:3001/_next/static/css/app/layout.css?v=1782627095917 was preloaded using link preload but not used within a few seconds from the window's load event. Please make sure it has an appropriate `as` value and it is preloaded intentionally. @ http://localhost:3001/:0
[  133286ms] [WARNING] The resource http://localhost:3001/_next/static/css/app/layout.css?v=1782627003095 was preloaded using link preload but not used within a few seconds from the window's load event. Please make sure it has an appropriate `as` value and it is preloaded intentionally. @ http://localhost:3001/:0
[  133286ms] [WARNING] The resource http://localhost:3001/_next/static/css/app/layout.css?v=1782627003808 was preloaded using link preload but not used within a few seconds from the window's load event. Please make sure it has an appropriate `as` value and it is preloaded intentionally. @ http://localhost:3001/:0
[  133287ms] [WARNING] The resource http://localhost:3001/_next/static/css/app/layout.css?v=1782626968468 was preloaded using link preload but not used within a few seconds from the window's load event. Please make sure it has an appropriate `as` value and it is preloaded intentionally. @ http://localhost:3001/:0
[  133287ms] [WARNING] The resource http://localhost:3001/_next/static/css/app/layout.css?v=1782626990159 was preloaded using link preload but not used within a few seconds from the window's load event. Please make sure it has an appropriate `as` value and it is preloaded intentionally. @ http://localhost:3001/:0
[  134246ms] [ERROR] Failed to load resource: the server responded with a status of 404 (Not Found) @ http://localhost:3001/images/dark-texture.png:0
[  134253ms] [LOG] [Fast Refresh] done in 1802ms @ webpack-internal:///(app-pages-browser)/./node_modules/next/dist/client/components/react-dev-overlay/app/hot-reloader-client.js:43
[  134339ms] [LOG] [Fast Refresh] rebuilding @ webpack-internal:///(app-pages-browser)/./node_modules/next/dist/client/components/react-dev-overlay/app/hot-reloader-client.js:186
[  134722ms] [LOG] [Fast Refresh] done in 383ms @ webpack-internal:///(app-pages-browser)/./node_modules/next/dist/client/components/react-dev-overlay/app/hot-reloader-client.js:43
[  134728ms] [LOG] [Fast Refresh] rebuilding @ webpack-internal:///(app-pages-browser)/./node_modules/next/dist/client/components/react-dev-overlay/app/hot-reloader-client.js:186
[  135118ms] [ERROR] Failed to load resource: the server responded with a status of 404 (Not Found) @ http://localhost:3001/images/dark-texture.png:0
[  135145ms] [LOG] [Fast Refresh] rebuilding @ webpack-internal:///(app-pages-browser)/./node_modules/next/dist/client/components/react-dev-overlay/app/hot-reloader-client.js:186
[  135171ms] [LOG] [Fast Refresh] done in 25ms @ webpack-internal:///(app-pages-browser)/./node_modules/next/dist/client/components/react-dev-overlay/app/hot-reloader-client.js:43
[  135407ms] [LOG] [Fast Refresh] rebuilding @ webpack-internal:///(app-pages-browser)/./node_modules/next/dist/client/components/react-dev-overlay/app/hot-reloader-client.js:186
[  135471ms] [LOG] [Fast Refresh] done in 65ms @ webpack-internal:///(app-pages-browser)/./node_modules/next/dist/client/components/react-dev-overlay/app/hot-reloader-client.js:43
[  135994ms] [ERROR] Failed to load resource: the server responded with a status of 404 (Not Found) @ http://localhost:3001/images/dark-texture.png:0
[  136047ms] [LOG] [Fast Refresh] rebuilding @ webpack-internal:///(app-pages-browser)/./node_modules/next/dist/client/components/react-dev-overlay/app/hot-reloader-client.js:186
[  136076ms] [LOG] [Fast Refresh] done in 30ms @ webpack-internal:///(app-pages-browser)/./node_modules/next/dist/client/components/react-dev-overlay/app/hot-reloader-client.js:43
[  136336ms] [LOG] [Fast Refresh] rebuilding @ webpack-internal:///(app-pages-browser)/./node_modules/next/dist/client/components/react-dev-overlay/app/hot-reloader-client.js:186
[  136498ms] [LOG] [Fast Refresh] done in 161ms @ webpack-internal:///(app-pages-browser)/./node_modules/next/dist/client/components/react-dev-overlay/app/hot-reloader-client.js:43
[  136775ms] [ERROR] Failed to load resource: the server responded with a status of 404 (Not Found) @ http://localhost:3001/images/dark-texture.png:0
[  136829ms] [LOG] [Fast Refresh] rebuilding @ webpack-internal:///(app-pages-browser)/./node_modules/next/dist/client/components/react-dev-overlay/app/hot-reloader-client.js:186
[  136862ms] [LOG] [Fast Refresh] done in 33ms @ webpack-internal:///(app-pages-browser)/./node_modules/next/dist/client/components/react-dev-overlay/app/hot-reloader-client.js:43
[  137115ms] [LOG] [Fast Refresh] rebuilding @ webpack-internal:///(app-pages-browser)/./node_modules/next/dist/client/components/react-dev-overlay/app/hot-reloader-client.js:186
[  137184ms] [LOG] [Fast Refresh] done in 69ms @ webpack-internal:///(app-pages-browser)/./node_modules/next/dist/client/components/react-dev-overlay/app/hot-reloader-client.js:43
[  137641ms] [ERROR] Failed to load resource: the server responded with a status of 404 (Not Found) @ http://localhost:3001/images/dark-texture.png:0
[  137672ms] [LOG] [Fast Refresh] rebuilding @ webpack-internal:///(app-pages-browser)/./node_modules/next/dist/client/components/react-dev-overlay/app/hot-reloader-client.js:186
[  137694ms] [LOG] [Fast Refresh] done in 22ms @ webpack-internal:///(app-pages-browser)/./node_modules/next/dist/client/components/react-dev-overlay/app/hot-reloader-client.js:43
[  137958ms] [ERROR] Failed to load resource: the server responded with a status of 404 (Not Found) @ http://localhost:3001/images/dark-texture.png:0
[  137972ms] [LOG] [Fast Refresh] rebuilding @ webpack-internal:///(app-pages-browser)/./node_modules/next/dist/client/components/react-dev-overlay/app/hot-reloader-client.js:186
[  137994ms] [LOG] [Fast Refresh] done in 22ms @ webpack-internal:///(app-pages-browser)/./node_modules/next/dist/client/components/react-dev-overlay/app/hot-reloader-client.js:43
[  138248ms] [LOG] [Fast Refresh] rebuilding @ webpack-internal:///(app-pages-browser)/./node_modules/next/dist/client/components/react-dev-overlay/app/hot-reloader-client.js:186
[  138327ms] [LOG] [Fast Refresh] done in 79ms @ webpack-internal:///(app-pages-browser)/./node_modules/next/dist/client/components/react-dev-overlay/app/hot-reloader-client.js:43
[  138624ms] [ERROR] Failed to load resource: the server responded with a status of 404 (Not Found) @ http://localhost:3001/images/dark-texture.png:0
[  138669ms] [LOG] [Fast Refresh] rebuilding @ webpack-internal:///(app-pages-browser)/./node_modules/next/dist/client/components/react-dev-overlay/app/hot-reloader-client.js:186
[  138690ms] [LOG] [Fast Refresh] done in 20ms @ webpack-internal:///(app-pages-browser)/./node_modules/next/dist/client/components/react-dev-overlay/app/hot-reloader-client.js:43
[  138904ms] [LOG] [Fast Refresh] rebuilding @ webpack-internal:///(app-pages-browser)/./node_modules/next/dist/client/components/react-dev-overlay/app/hot-reloader-client.js:186
[  138959ms] [LOG] [Fast Refresh] done in 54ms @ webpack-internal:///(app-pages-browser)/./node_modules/next/dist/client/components/react-dev-overlay/app/hot-reloader-client.js:43
[  140286ms] [ERROR] Failed to load resource: the server responded with a status of 404 (Not Found) @ http://localhost:3001/images/dark-texture.png:0
[  140444ms] [LOG] [Fast Refresh] rebuilding @ webpack-internal:///(app-pages-browser)/./node_modules/next/dist/client/components/react-dev-overlay/app/hot-reloader-client.js:186
[  140672ms] [LOG] [Fast Refresh] done in 228ms @ webpack-internal:///(app-pages-browser)/./node_modules/next/dist/client/components/react-dev-overlay/app/hot-reloader-client.js:43
[  140695ms] [LOG] [Fast Refresh] rebuilding @ webpack-internal:///(app-pages-browser)/./node_modules/next/dist/client/components/react-dev-overlay/app/hot-reloader-client.js:186
[  140862ms] [LOG] [Fast Refresh] done in 167ms @ webpack-internal:///(app-pages-browser)/./node_modules/next/dist/client/components/react-dev-overlay/app/hot-reloader-client.js:43
[  140902ms] [LOG] [Fast Refresh] rebuilding @ webpack-internal:///(app-pages-browser)/./node_modules/next/dist/client/components/react-dev-overlay/app/hot-reloader-client.js:186
[  141213ms] [LOG] [Fast Refresh] done in 311ms @ webpack-internal:///(app-pages-browser)/./node_modules/next/dist/client/components/react-dev-overlay/app/hot-reloader-client.js:43
[  141521ms] [LOG] [Fast Refresh] rebuilding @ webpack-internal:///(app-pages-browser)/./node_modules/next/dist/client/components/react-dev-overlay/app/hot-reloader-client.js:186
[  141580ms] [ERROR] Failed to load resource: the server responded with a status of 404 (Not Found) @ http://localhost:3001/images/dark-texture.png:0
[  141723ms] [LOG] [Fast Refresh] rebuilding @ webpack-internal:///(app-pages-browser)/./node_modules/next/dist/client/components/react-dev-overlay/app/hot-reloader-client.js:186
[  141828ms] [LOG] [Fast Refresh] done in 105ms @ webpack-internal:///(app-pages-browser)/./node_modules/next/dist/client/components/react-dev-overlay/app/hot-reloader-client.js:43
[  141858ms] [LOG] [Fast Refresh] rebuilding @ webpack-internal:///(app-pages-browser)/./node_modules/next/dist/client/components/react-dev-overlay/app/hot-reloader-client.js:186
[  142160ms] [LOG] [Fast Refresh] done in 301ms @ webpack-internal:///(app-pages-browser)/./node_modules/next/dist/client/components/react-dev-overlay/app/hot-reloader-client.js:43
[  142169ms] [LOG] [Fast Refresh] rebuilding @ webpack-internal:///(app-pages-browser)/./node_modules/next/dist/client/components/react-dev-overlay/app/hot-reloader-client.js:186
[  142222ms] [LOG] [Fast Refresh] done in 53ms @ webpack-internal:///(app-pages-browser)/./node_modules/next/dist/client/components/react-dev-overlay/app/hot-reloader-client.js:43
[  142475ms] [LOG] [Fast Refresh] done in 307ms @ webpack-internal:///(app-pages-browser)/./node_modules/next/dist/client/components/react-dev-overlay/app/hot-reloader-client.js:43
[  142492ms] [LOG] [Fast Refresh] rebuilding @ webpack-internal:///(app-pages-browser)/./node_modules/next/dist/client/components/react-dev-overlay/app/hot-reloader-client.js:186
[  142530ms] [LOG] [Fast Refresh] done in 37ms @ webpack-internal:///(app-pages-browser)/./node_modules/next/dist/client/components/react-dev-overlay/app/hot-reloader-client.js:43
[  142839ms] [LOG] [Fast Refresh] done in 347ms @ webpack-internal:///(app-pages-browser)/./node_modules/next/dist/client/components/react-dev-overlay/app/hot-reloader-client.js:43
[  142841ms] [ERROR] Failed to load resource: the server responded with a status of 404 (Not Found) @ http://localhost:3001/images/dark-texture.png:0
[  142863ms] [LOG] [Fast Refresh] rebuilding @ webpack-internal:///(app-pages-browser)/./node_modules/next/dist/client/components/react-dev-overlay/app/hot-reloader-client.js:186
[  143135ms] [LOG] [Fast Refresh] rebuilding @ webpack-internal:///(app-pages-browser)/./node_modules/next/dist/client/components/react-dev-overlay/app/hot-reloader-client.js:186
[  143166ms] [LOG] [Fast Refresh] done in 32ms @ webpack-internal:///(app-pages-browser)/./node_modules/next/dist/client/components/react-dev-overlay/app/hot-reloader-client.js:43
[  143476ms] [ERROR] Failed to load resource: the server responded with a status of 404 (Not Found) @ http://localhost:3001/images/dark-texture.png:0
[  143486ms] [LOG] [Fast Refresh] rebuilding @ webpack-internal:///(app-pages-browser)/./node_modules/next/dist/client/components/react-dev-overlay/app/hot-reloader-client.js:186
[  143553ms] [LOG] [Fast Refresh] done in 68ms @ webpack-internal:///(app-pages-browser)/./node_modules/next/dist/client/components/react-dev-overlay/app/hot-reloader-client.js:43
[  143792ms] [LOG] [Fast Refresh] rebuilding @ webpack-internal:///(app-pages-browser)/./node_modules/next/dist/client/components/react-dev-overlay/app/hot-reloader-client.js:186
[  143819ms] [LOG] [Fast Refresh] done in 28ms @ webpack-internal:///(app-pages-browser)/./node_modules/next/dist/client/components/react-dev-overlay/app/hot-reloader-client.js:43
[  144224ms] [ERROR] Failed to load resource: the server responded with a status of 404 (Not Found) @ http://localhost:3001/images/dark-texture.png:0
[  144345ms] [LOG] [Fast Refresh] rebuilding @ webpack-internal:///(app-pages-browser)/./node_modules/next/dist/client/components/react-dev-overlay/app/hot-reloader-client.js:186
[  144503ms] [LOG] [Fast Refresh] done in 159ms @ webpack-internal:///(app-pages-browser)/./node_modules/next/dist/client/components/react-dev-overlay/app/hot-reloader-client.js:43
[  144539ms] [LOG] [Fast Refresh] rebuilding @ webpack-internal:///(app-pages-browser)/./node_modules/next/dist/client/components/react-dev-overlay/app/hot-reloader-client.js:186
[  144679ms] [LOG] [Fast Refresh] done in 140ms @ webpack-internal:///(app-pages-browser)/./node_modules/next/dist/client/components/react-dev-overlay/app/hot-reloader-client.js:43
[  144754ms] [LOG] [Fast Refresh] rebuilding @ webpack-internal:///(app-pages-browser)/./node_modules/next/dist/client/components/react-dev-overlay/app/hot-reloader-client.js:186
[  144894ms] [LOG] [Fast Refresh] done in 139ms @ webpack-internal:///(app-pages-browser)/./node_modules/next/dist/client/components/react-dev-overlay/app/hot-reloader-client.js:43
[  145164ms] [ERROR] Failed to load resource: the server responded with a status of 404 (Not Found) @ http://localhost:3001/images/dark-texture.png:0
[  145200ms] [LOG] [Fast Refresh] rebuilding @ webpack-internal:///(app-pages-browser)/./node_modules/next/dist/client/components/react-dev-overlay/app/hot-reloader-client.js:186
[  145220ms] [LOG] [Fast Refresh] done in 21ms @ webpack-internal:///(app-pages-browser)/./node_modules/next/dist/client/components/react-dev-overlay/app/hot-reloader-client.js:43
[  145396ms] [LOG] [Fast Refresh] rebuilding @ webpack-internal:///(app-pages-browser)/./node_modules/next/dist/client/components/react-dev-overlay/app/hot-reloader-client.js:186
[  145447ms] [LOG] [Fast Refresh] done in 51ms @ webpack-internal:///(app-pages-browser)/./node_modules/next/dist/client/components/react-dev-overlay/app/hot-reloader-client.js:43
[  145860ms] [ERROR] Failed to load resource: the server responded with a status of 404 (Not Found) @ http://localhost:3001/images/dark-texture.png:0
[  145906ms] [LOG] [Fast Refresh] rebuilding @ webpack-internal:///(app-pages-browser)/./node_modules/next/dist/client/components/react-dev-overlay/app/hot-reloader-client.js:186
[  145931ms] [LOG] [Fast Refresh] done in 24ms @ webpack-internal:///(app-pages-browser)/./node_modules/next/dist/client/components/react-dev-overlay/app/hot-reloader-client.js:43
[  146152ms] [LOG] [Fast Refresh] rebuilding @ webpack-internal:///(app-pages-browser)/./node_modules/next/dist/client/components/react-dev-overlay/app/hot-reloader-client.js:186
[  146201ms] [LOG] [Fast Refresh] done in 48ms @ webpack-internal:///(app-pages-browser)/./node_modules/next/dist/client/components/react-dev-overlay/app/hot-reloader-client.js:43
[  146561ms] [ERROR] Failed to load resource: the server responded with a status of 404 (Not Found) @ http://localhost:3001/images/dark-texture.png:0
[  146590ms] [LOG] [Fast Refresh] rebuilding @ webpack-internal:///(app-pages-browser)/./node_modules/next/dist/client/components/react-dev-overlay/app/hot-reloader-client.js:186
[  146616ms] [LOG] [Fast Refresh] done in 27ms @ webpack-internal:///(app-pages-browser)/./node_modules/next/dist/client/components/react-dev-overlay/app/hot-reloader-client.js:43
[  146870ms] [LOG] [Fast Refresh] rebuilding @ webpack-internal:///(app-pages-browser)/./node_modules/next/dist/client/components/react-dev-overlay/app/hot-reloader-client.js:186
[  146930ms] [LOG] [Fast Refresh] done in 60ms @ webpack-internal:///(app-pages-browser)/./node_modules/next/dist/client/components/react-dev-overlay/app/hot-reloader-client.js:43
[  147256ms] [ERROR] Failed to load resource: the server responded with a status of 404 (Not Found) @ http://localhost:3001/images/dark-texture.png:0
[  147270ms] [LOG] [Fast Refresh] rebuilding @ webpack-internal:///(app-pages-browser)/./node_modules/next/dist/client/components/react-dev-overlay/app/hot-reloader-client.js:186
[  147281ms] [ERROR] Failed to load resource: the server responded with a status of 404 (Not Found) @ http://localhost:3001/?_rsc=r3yhw:0
[  147305ms] [LOG] [Fast Refresh] done in 35ms @ webpack-internal:///(app-pages-browser)/./node_modules/next/dist/client/components/react-dev-overlay/app/hot-reloader-client.js:43
[  147549ms] [ERROR] Failed to fetch RSC payload for http://localhost:3001/. Falling back to browser navigation. TypeError: Failed to fetch
    at fetchServerResponse (webpack-internal:///(app-pages-browser)/./node_modules/next/dist/client/components/router-reducer/fetch-server-response.js:58:27)
    at fastRefreshReducerImpl (webpack-internal:///(app-pages-browser)/./node_modules/next/dist/client/components/router-reducer/reducers/fast-refresh-reducer.js:33:67)
    at clientReducer (webpack-internal:///(app-pages-browser)/./node_modules/next/dist/client/components/router-reducer/router-reducer.js:41:67)
    at Object.action (webpack-internal:///(app-pages-browser)/./node_modules/next/dist/shared/lib/router/action-queue.js:150:55)
    at runAction (webpack-internal:///(app-pages-browser)/./node_modules/next/dist/shared/lib/router/action-queue.js:56:38)
    at dispatchAction (webpack-internal:///(app-pages-browser)/./node_modules/next/dist/shared/lib/router/action-queue.js:113:9)
    at Object.dispatch (webpack-internal:///(app-pages-browser)/./node_modules/next/dist/shared/lib/router/action-queue.js:145:40)
    at eval (webpack-internal:///(app-pages-browser)/./node_modules/next/dist/client/components/use-reducer-with-devtools.js:130:21)
    at eval (webpack-internal:///(app-pages-browser)/./node_modules/next/dist/client/components/app-router.js:304:25)
    at startTransition (webpack-internal:///(app-pages-browser)/./node_modules/next/dist/compiled/react/cjs/react.development.js:2597:25)
    at Object.fastRefresh (webpack-internal:///(app-pages-browser)/./node_modules/next/dist/client/components/app-router.js:303:48)
    at eval (webpack-internal:///(app-pages-browser)/./node_modules/next/dist/client/components/react-dev-overlay/app/hot-reloader-client.js:277:28)
    at startTransition (webpack-internal:///(app-pages-browser)/./node_modules/next/dist/compiled/react/cjs/react.development.js:2597:25)
    at processMessage (webpack-internal:///(app-pages-browser)/./node_modules/next/dist/client/components/react-dev-overlay/app/hot-reloader-client.js:276:44)
    at WebSocket.handler (webpack-internal:///(app-pages-browser)/./node_modules/next/dist/client/components/react-dev-overlay/app/hot-reloader-client.js:395:17) @ webpack-internal:///(app-pages-browser)/./node_modules/next/dist/client/app-index.js:32
[  147562ms] [ERROR] Failed to load resource: the server responded with a status of 404 (Not Found) @ http://localhost:3001/:0
[  148304ms] [ERROR] Failed to load resource: the server responded with a status of 404 (Not Found) @ http://localhost:3001/:0
[  149374ms] [ERROR] Failed to load resource: the server responded with a status of 404 (Not Found) @ http://localhost:3001/:0
[  150432ms] [ERROR] Failed to load resource: the server responded with a status of 404 (Not Found) @ http://localhost:3001/:0
[  151480ms] [ERROR] Failed to load resource: the server responded with a status of 404 (Not Found) @ http://localhost:3001/:0
[  152565ms] [ERROR] Failed to load resource: the server responded with a status of 404 (Not Found) @ http://localhost:3001/:0
[  153622ms] [ERROR] Failed to load resource: the server responded with a status of 404 (Not Found) @ http://localhost:3001/:0
[  154671ms] [ERROR] Failed to load resource: the server responded with a status of 404 (Not Found) @ http://localhost:3001/:0
[  155711ms] [ERROR] Failed to load resource: the server responded with a status of 404 (Not Found) @ http://localhost:3001/:0
[  156766ms] [ERROR] Failed to load resource: the server responded with a status of 404 (Not Found) @ http://localhost:3001/:0
[  157857ms] [ERROR] Failed to load resource: the server responded with a status of 404 (Not Found) @ http://localhost:3001/:0
[  158924ms] [ERROR] Failed to load resource: the server responded with a status of 404 (Not Found) @ http://localhost:3001/:0
[  159961ms] [ERROR] Failed to load resource: the server responded with a status of 404 (Not Found) @ http://localhost:3001/:0
[  160991ms] [ERROR] Failed to load resource: the server responded with a status of 404 (Not Found) @ http://localhost:3001/:0
[  162030ms] [ERROR] Failed to load resource: the server responded with a status of 404 (Not Found) @ http://localhost:3001/:0
[  163086ms] [ERROR] Failed to load resource: the server responded with a status of 404 (Not Found) @ http://localhost:3001/:0
[  164146ms] [ERROR] Failed to load resource: the server responded with a status of 404 (Not Found) @ http://localhost:3001/:0
[  165230ms] [ERROR] Failed to load resource: the server responded with a status of 404 (Not Found) @ http://localhost:3001/:0
[  166285ms] [ERROR] Failed to load resource: the server responded with a status of 404 (Not Found) @ http://localhost:3001/:0
[  167335ms] [ERROR] Failed to load resource: the server responded with a status of 404 (Not Found) @ http://localhost:3001/:0
[  168389ms] [ERROR] Failed to load resource: the server responded with a status of 404 (Not Found) @ http://localhost:3001/:0
[  169456ms] [ERROR] Failed to load resource: the server responded with a status of 404 (Not Found) @ http://localhost:3001/:0
[  170516ms] [ERROR] Failed to load resource: the server responded with a status of 404 (Not Found) @ http://localhost:3001/:0
[  171586ms] [ERROR] Failed to load resource: the server responded with a status of 404 (Not Found) @ http://localhost:3001/:0
[  172639ms] [ERROR] Failed to load resource: the server responded with a status of 404 (Not Found) @ http://localhost:3001/:0
[  173664ms] [ERROR] Failed to load resource: the server responded with a status of 404 (Not Found) @ http://localhost:3001/:0
[  174709ms] [ERROR] Failed to load resource: the server responded with a status of 404 (Not Found) @ http://localhost:3001/:0
[  175753ms] [ERROR] Failed to load resource: the server responded with a status of 404 (Not Found) @ http://localhost:3001/:0
[  176799ms] [ERROR] Failed to load resource: the server responded with a status of 404 (Not Found) @ http://localhost:3001/:0
[  177824ms] [ERROR] Failed to load resource: the server responded with a status of 404 (Not Found) @ http://localhost:3001/:0
[  178864ms] [ERROR] Failed to load resource: the server responded with a status of 404 (Not Found) @ http://localhost:3001/:0
[  179906ms] [ERROR] Failed to load resource: the server responded with a status of 404 (Not Found) @ http://localhost:3001/:0
[  180930ms] [ERROR] Failed to load resource: the server responded with a status of 404 (Not Found) @ http://localhost:3001/:0
[  181976ms] [ERROR] Failed to load resource: the server responded with a status of 404 (Not Found) @ http://localhost:3001/:0
[  183040ms] [ERROR] Failed to load resource: the server responded with a status of 404 (Not Found) @ http://localhost:3001/:0
[  184101ms] [ERROR] Failed to load resource: the server responded with a status of 404 (Not Found) @ http://localhost:3001/:0
[  185136ms] [ERROR] Failed to load resource: the server responded with a status of 404 (Not Found) @ http://localhost:3001/:0
[  186185ms] [ERROR] Failed to load resource: the server responded with a status of 404 (Not Found) @ http://localhost:3001/:0
[  187240ms] [ERROR] Failed to load resource: the server responded with a status of 404 (Not Found) @ http://localhost:3001/:0
[  188288ms] [ERROR] Failed to load resource: the server responded with a status of 404 (Not Found) @ http://localhost:3001/:0
[  189336ms] [ERROR] Failed to load resource: the server responded with a status of 404 (Not Found) @ http://localhost:3001/:0
[  190394ms] [ERROR] Failed to load resource: the server responded with a status of 404 (Not Found) @ http://localhost:3001/:0
[  191433ms] [ERROR] Failed to load resource: the server responded with a status of 404 (Not Found) @ http://localhost:3001/:0
[  192476ms] [ERROR] Failed to load resource: the server responded with a status of 404 (Not Found) @ http://localhost:3001/:0
[  193513ms] [ERROR] Failed to load resource: the server responded with a status of 404 (Not Found) @ http://localhost:3001/:0
[  194565ms] [ERROR] Failed to load resource: the server responded with a status of 404 (Not Found) @ http://localhost:3001/:0
[  195635ms] [ERROR] Failed to load resource: the server responded with a status of 404 (Not Found) @ http://localhost:3001/:0
[  196680ms] [ERROR] Failed to load resource: the server responded with a status of 404 (Not Found) @ http://localhost:3001/:0
[  197723ms] [ERROR] Failed to load resource: the server responded with a status of 404 (Not Found) @ http://localhost:3001/:0
[  198762ms] [ERROR] Failed to load resource: the server responded with a status of 404 (Not Found) @ http://localhost:3001/:0
[  199794ms] [ERROR] Failed to load resource: the server responded with a status of 404 (Not Found) @ http://localhost:3001/:0
[  200841ms] [ERROR] Failed to load resource: the server responded with a status of 404 (Not Found) @ http://localhost:3001/:0
[  201883ms] [ERROR] Failed to load resource: the server responded with a status of 404 (Not Found) @ http://localhost:3001/:0
[  202937ms] [ERROR] Failed to load resource: the server responded with a status of 404 (Not Found) @ http://localhost:3001/:0
[  203981ms] [ERROR] Failed to load resource: the server responded with a status of 404 (Not Found) @ http://localhost:3001/:0
[  205028ms] [ERROR] Failed to load resource: the server responded with a status of 404 (Not Found) @ http://localhost:3001/:0
[  206072ms] [ERROR] Failed to load resource: the server responded with a status of 404 (Not Found) @ http://localhost:3001/:0
[  207120ms] [ERROR] Failed to load resource: the server responded with a status of 404 (Not Found) @ http://localhost:3001/:0
[  208195ms] [ERROR] Failed to load resource: the server responded with a status of 404 (Not Found) @ http://localhost:3001/:0
[  209278ms] [ERROR] Failed to load resource: the server responded with a status of 404 (Not Found) @ http://localhost:3001/:0
[  210330ms] [ERROR] Failed to load resource: the server responded with a status of 404 (Not Found) @ http://localhost:3001/:0
[  211386ms] [ERROR] Failed to load resource: the server responded with a status of 404 (Not Found) @ http://localhost:3001/:0
[  212439ms] [ERROR] Failed to load resource: the server responded with a status of 404 (Not Found) @ http://localhost:3001/:0
[  213496ms] [ERROR] Failed to load resource: the server responded with a status of 404 (Not Found) @ http://localhost:3001/:0
[  214541ms] [ERROR] Failed to load resource: the server responded with a status of 404 (Not Found) @ http://localhost:3001/:0
[  215587ms] [ERROR] Failed to load resource: the server responded with a status of 404 (Not Found) @ http://localhost:3001/:0
[  216619ms] [ERROR] Failed to load resource: the server responded with a status of 404 (Not Found) @ http://localhost:3001/:0
[  217662ms] [ERROR] Failed to load resource: the server responded with a status of 404 (Not Found) @ http://localhost:3001/:0
[  218714ms] [ERROR] Failed to load resource: the server responded with a status of 404 (Not Found) @ http://localhost:3001/:0
[  219767ms] [ERROR] Failed to load resource: the server responded with a status of 404 (Not Found) @ http://localhost:3001/:0
[  220801ms] [ERROR] Failed to load resource: the server responded with a status of 404 (Not Found) @ http://localhost:3001/:0
[  221851ms] [ERROR] Failed to load resource: the server responded with a status of 404 (Not Found) @ http://localhost:3001/:0
[  222886ms] [ERROR] Failed to load resource: the server responded with a status of 404 (Not Found) @ http://localhost:3001/:0
[  223949ms] [ERROR] Failed to load resource: the server responded with a status of 404 (Not Found) @ http://localhost:3001/:0
[  224988ms] [ERROR] Failed to load resource: the server responded with a status of 404 (Not Found) @ http://localhost:3001/:0
[  226040ms] [ERROR] Failed to load resource: the server responded with a status of 404 (Not Found) @ http://localhost:3001/:0
[  227083ms] [ERROR] Failed to load resource: the server responded with a status of 404 (Not Found) @ http://localhost:3001/:0
[  228135ms] [ERROR] Failed to load resource: the server responded with a status of 404 (Not Found) @ http://localhost:3001/:0
[  229173ms] [ERROR] Failed to load resource: the server responded with a status of 404 (Not Found) @ http://localhost:3001/:0
[  230239ms] [ERROR] Failed to load resource: the server responded with a status of 404 (Not Found) @ http://localhost:3001/:0
[  231274ms] [ERROR] Failed to load resource: the server responded with a status of 404 (Not Found) @ http://localhost:3001/:0
[  232306ms] [ERROR] Failed to load resource: the server responded with a status of 404 (Not Found) @ http://localhost:3001/:0
[  233335ms] [ERROR] Failed to load resource: the server responded with a status of 404 (Not Found) @ http://localhost:3001/:0
[  234376ms] [ERROR] Failed to load resource: the server responded with a status of 404 (Not Found) @ http://localhost:3001/:0
[  235451ms] [ERROR] Failed to load resource: the server responded with a status of 404 (Not Found) @ http://localhost:3001/:0
[  236510ms] [ERROR] Failed to load resource: the server responded with a status of 404 (Not Found) @ http://localhost:3001/:0
[  237545ms] [ERROR] Failed to load resource: the server responded with a status of 404 (Not Found) @ http://localhost:3001/:0
[  238608ms] [ERROR] Failed to load resource: the server responded with a status of 404 (Not Found) @ http://localhost:3001/:0
[  239669ms] [ERROR] Failed to load resource: the server responded with a status of 404 (Not Found) @ http://localhost:3001/:0
[  240717ms] [ERROR] Failed to load resource: the server responded with a status of 404 (Not Found) @ http://localhost:3001/:0
[  241808ms] [ERROR] Failed to load resource: the server responded with a status of 404 (Not Found) @ http://localhost:3001/:0
[  242859ms] [ERROR] Failed to load resource: the server responded with a status of 404 (Not Found) @ http://localhost:3001/:0
[  243926ms] [ERROR] Failed to load resource: the server responded with a status of 404 (Not Found) @ http://localhost:3001/:0
[  244969ms] [ERROR] Failed to load resource: the server responded with a status of 404 (Not Found) @ http://localhost:3001/:0
[  246024ms] [ERROR] Failed to load resource: the server responded with a status of 404 (Not Found) @ http://localhost:3001/:0
[  247057ms] [ERROR] Failed to load resource: the server responded with a status of 404 (Not Found) @ http://localhost:3001/:0
[  248091ms] [ERROR] Failed to load resource: the server responded with a status of 404 (Not Found) @ http://localhost:3001/:0
[  249120ms] [ERROR] Failed to load resource: the server responded with a status of 404 (Not Found) @ http://localhost:3001/:0
[  250161ms] [ERROR] Failed to load resource: the server responded with a status of 404 (Not Found) @ http://localhost:3001/:0
[  251192ms] [ERROR] Failed to load resource: the server responded with a status of 404 (Not Found) @ http://localhost:3001/:0
[  252246ms] [ERROR] Failed to load resource: the server responded with a status of 404 (Not Found) @ http://localhost:3001/:0
[  253293ms] [ERROR] Failed to load resource: the server responded with a status of 404 (Not Found) @ http://localhost:3001/:0
[  254343ms] [ERROR] Failed to load resource: the server responded with a status of 404 (Not Found) @ http://localhost:3001/:0
[  255381ms] [ERROR] Failed to load resource: the server responded with a status of 404 (Not Found) @ http://localhost:3001/:0
[  256447ms] [ERROR] Failed to load resource: the server responded with a status of 404 (Not Found) @ http://localhost:3001/:0
[  257519ms] [ERROR] Failed to load resource: the server responded with a status of 404 (Not Found) @ http://localhost:3001/:0
[  258584ms] [ERROR] Failed to load resource: the server responded with a status of 404 (Not Found) @ http://localhost:3001/:0
[  259643ms] [ERROR] Failed to load resource: the server responded with a status of 404 (Not Found) @ http://localhost:3001/:0
[  260689ms] [ERROR] Failed to load resource: the server responded with a status of 404 (Not Found) @ http://localhost:3001/:0
[  261761ms] [ERROR] Failed to load resource: the server responded with a status of 404 (Not Found) @ http://localhost:3001/:0
[  262810ms] [ERROR] Failed to load resource: the server responded with a status of 404 (Not Found) @ http://localhost:3001/:0
[  263868ms] [ERROR] Failed to load resource: the server responded with a status of 404 (Not Found) @ http://localhost:3001/:0
[  264951ms] [ERROR] Failed to load resource: the server responded with a status of 404 (Not Found) @ http://localhost:3001/:0
[  266021ms] [ERROR] Failed to load resource: the server responded with a status of 404 (Not Found) @ http://localhost:3001/:0
[  267050ms] [ERROR] Failed to load resource: the server responded with a status of 404 (Not Found) @ http://localhost:3001/:0
[  268096ms] [ERROR] Failed to load resource: the server responded with a status of 404 (Not Found) @ http://localhost:3001/:0
[  269152ms] [ERROR] Failed to load resource: the server responded with a status of 404 (Not Found) @ http://localhost:3001/:0
[  270198ms] [ERROR] Failed to load resource: the server responded with a status of 404 (Not Found) @ http://localhost:3001/:0
[  271235ms] [ERROR] Failed to load resource: the server responded with a status of 404 (Not Found) @ http://localhost:3001/:0
[  272261ms] [ERROR] Failed to load resource: the server responded with a status of 404 (Not Found) @ http://localhost:3001/:0
[  273307ms] [ERROR] Failed to load resource: the server responded with a status of 404 (Not Found) @ http://localhost:3001/:0
[  274339ms] [ERROR] Failed to load resource: the server responded with a status of 404 (Not Found) @ http://localhost:3001/:0
[  275361ms] [ERROR] Failed to load resource: the server responded with a status of 404 (Not Found) @ http://localhost:3001/:0
[  276412ms] [ERROR] Failed to load resource: the server responded with a status of 404 (Not Found) @ http://localhost:3001/:0
[  277461ms] [ERROR] Failed to load resource: the server responded with a status of 404 (Not Found) @ http://localhost:3001/:0
[  278514ms] [ERROR] Failed to load resource: the server responded with a status of 404 (Not Found) @ http://localhost:3001/:0
[  279541ms] [ERROR] Failed to load resource: the server responded with a status of 404 (Not Found) @ http://localhost:3001/:0
[  280590ms] [ERROR] Failed to load resource: the server responded with a status of 404 (Not Found) @ http://localhost:3001/:0
[  281627ms] [ERROR] Failed to load resource: the server responded with a status of 404 (Not Found) @ http://localhost:3001/:0
[  282672ms] [ERROR] Failed to load resource: the server responded with a status of 404 (Not Found) @ http://localhost:3001/:0
[  283708ms] [ERROR] Failed to load resource: the server responded with a status of 404 (Not Found) @ http://localhost:3001/:0
[  284756ms] [ERROR] Failed to load resource: the server responded with a status of 404 (Not Found) @ http://localhost:3001/:0
[  285792ms] [ERROR] Failed to load resource: the server responded with a status of 404 (Not Found) @ http://localhost:3001/:0
[  286822ms] [ERROR] Failed to load resource: the server responded with a status of 404 (Not Found) @ http://localhost:3001/:0
[  287856ms] [ERROR] Failed to load resource: the server responded with a status of 404 (Not Found) @ http://localhost:3001/:0
[  288907ms] [ERROR] Failed to load resource: the server responded with a status of 404 (Not Found) @ http://localhost:3001/:0
[  289954ms] [ERROR] Failed to load resource: the server responded with a status of 404 (Not Found) @ http://localhost:3001/:0
[  290990ms] [ERROR] Failed to load resource: the server responded with a status of 404 (Not Found) @ http://localhost:3001/:0
[  292030ms] [ERROR] Failed to load resource: the server responded with a status of 404 (Not Found) @ http://localhost:3001/:0
[  293079ms] [ERROR] Failed to load resource: the server responded with a status of 404 (Not Found) @ http://localhost:3001/:0
[  294134ms] [ERROR] Failed to load resource: the server responded with a status of 404 (Not Found) @ http://localhost:3001/:0
[  295182ms] [ERROR] Failed to load resource: the server responded with a status of 404 (Not Found) @ http://localhost:3001/:0
[  296218ms] [ERROR] Failed to load resource: the server responded with a status of 404 (Not Found) @ http://localhost:3001/:0
[  297289ms] [ERROR] Failed to load resource: the server responded with a status of 404 (Not Found) @ http://localhost:3001/:0
[  298355ms] [ERROR] Failed to load resource: the server responded with a status of 404 (Not Found) @ http://localhost:3001/:0
[  299417ms] [ERROR] Failed to load resource: the server responded with a status of 404 (Not Found) @ http://localhost:3001/:0
[  300472ms] [ERROR] Failed to load resource: the server responded with a status of 404 (Not Found) @ http://localhost:3001/:0
[  301533ms] [ERROR] Failed to load resource: the server responded with a status of 404 (Not Found) @ http://localhost:3001/:0
[  302580ms] [ERROR] Failed to load resource: the server responded with a status of 404 (Not Found) @ http://localhost:3001/:0
[  303648ms] [ERROR] Failed to load resource: the server responded with a status of 404 (Not Found) @ http://localhost:3001/:0
[  304689ms] [ERROR] Failed to load resource: the server responded with a status of 404 (Not Found) @ http://localhost:3001/:0
[  305742ms] [ERROR] Failed to load resource: the server responded with a status of 404 (Not Found) @ http://localhost:3001/:0
[  306793ms] [ERROR] Failed to load resource: the server responded with a status of 404 (Not Found) @ http://localhost:3001/:0
[  307837ms] [ERROR] Failed to load resource: the server responded with a status of 404 (Not Found) @ http://localhost:3001/:0
[  308894ms] [ERROR] Failed to load resource: the server responded with a status of 404 (Not Found) @ http://localhost:3001/:0
[  309983ms] [ERROR] Failed to load resource: the server responded with a status of 404 (Not Found) @ http://localhost:3001/:0
[  311038ms] [ERROR] Failed to load resource: the server responded with a status of 404 (Not Found) @ http://localhost:3001/:0
[  312081ms] [ERROR] Failed to load resource: the server responded with a status of 404 (Not Found) @ http://localhost:3001/:0
[  313116ms] [ERROR] Failed to load resource: the server responded with a status of 404 (Not Found) @ http://localhost:3001/:0
[  314156ms] [ERROR] Failed to load resource: the server responded with a status of 404 (Not Found) @ http://localhost:3001/:0
[  315175ms] [ERROR] Failed to load resource: the server responded with a status of 404 (Not Found) @ http://localhost:3001/:0
[  316205ms] [ERROR] Failed to load resource: the server responded with a status of 404 (Not Found) @ http://localhost:3001/:0
[  317234ms] [ERROR] Failed to load resource: the server responded with a status of 404 (Not Found) @ http://localhost:3001/:0
[  318282ms] [ERROR] Failed to load resource: the server responded with a status of 404 (Not Found) @ http://localhost:3001/:0
[  319311ms] [ERROR] Failed to load resource: the server responded with a status of 404 (Not Found) @ http://localhost:3001/:0
[  320367ms] [ERROR] Failed to load resource: the server responded with a status of 404 (Not Found) @ http://localhost:3001/:0
[  321412ms] [ERROR] Failed to load resource: the server responded with a status of 404 (Not Found) @ http://localhost:3001/:0
[  322472ms] [ERROR] Failed to load resource: the server responded with a status of 404 (Not Found) @ http://localhost:3001/:0
[  323541ms] [ERROR] Failed to load resource: the server responded with a status of 404 (Not Found) @ http://localhost:3001/:0
[  324581ms] [ERROR] Failed to load resource: the server responded with a status of 404 (Not Found) @ http://localhost:3001/:0
[  325623ms] [ERROR] Failed to load resource: the server responded with a status of 404 (Not Found) @ http://localhost:3001/:0
[  326668ms] [ERROR] Failed to load resource: the server responded with a status of 404 (Not Found) @ http://localhost:3001/:0
[  327713ms] [ERROR] Failed to load resource: the server responded with a status of 404 (Not Found) @ http://localhost:3001/:0
[  328740ms] [ERROR] Failed to load resource: the server responded with a status of 404 (Not Found) @ http://localhost:3001/:0
[  329797ms] [ERROR] Failed to load resource: the server responded with a status of 404 (Not Found) @ http://localhost:3001/:0
[  330833ms] [ERROR] Failed to load resource: the server responded with a status of 404 (Not Found) @ http://localhost:3001/:0
[  331882ms] [ERROR] Failed to load resource: the server responded with a status of 404 (Not Found) @ http://localhost:3001/:0
[  332942ms] [ERROR] Failed to load resource: the server responded with a status of 404 (Not Found) @ http://localhost:3001/:0
[  334018ms] [ERROR] Failed to load resource: the server responded with a status of 404 (Not Found) @ http://localhost:3001/:0
[  335145ms] [ERROR] Failed to load resource: the server responded with a status of 404 (Not Found) @ http://localhost:3001/:0
[  336194ms] [ERROR] Failed to load resource: the server responded with a status of 404 (Not Found) @ http://localhost:3001/:0
[  337228ms] [ERROR] Failed to load resource: the server responded with a status of 404 (Not Found) @ http://localhost:3001/:0
[  338252ms] [ERROR] Failed to load resource: the server responded with a status of 404 (Not Found) @ http://localhost:3001/:0
[  339306ms] [ERROR] Failed to load resource: the server responded with a status of 404 (Not Found) @ http://localhost:3001/:0
[  340365ms] [ERROR] Failed to load resource: the server responded with a status of 404 (Not Found) @ http://localhost:3001/:0
[  341400ms] [ERROR] Failed to load resource: the server responded with a status of 404 (Not Found) @ http://localhost:3001/:0
[  342438ms] [ERROR] Failed to load resource: the server responded with a status of 404 (Not Found) @ http://localhost:3001/:0
[  343478ms] [ERROR] Failed to load resource: the server responded with a status of 404 (Not Found) @ http://localhost:3001/:0
[  344539ms] [ERROR] Failed to load resource: the server responded with a status of 404 (Not Found) @ http://localhost:3001/:0
[  345579ms] [ERROR] Failed to load resource: the server responded with a status of 404 (Not Found) @ http://localhost:3001/:0
[  346623ms] [ERROR] Failed to load resource: the server responded with a status of 404 (Not Found) @ http://localhost:3001/:0
[  347648ms] [ERROR] Failed to load resource: the server responded with a status of 404 (Not Found) @ http://localhost:3001/:0
[  348690ms] [ERROR] Failed to load resource: the server responded with a status of 404 (Not Found) @ http://localhost:3001/:0
[  349725ms] [ERROR] Failed to load resource: the server responded with a status of 404 (Not Found) @ http://localhost:3001/:0
[  350772ms] [ERROR] Failed to load resource: the server responded with a status of 404 (Not Found) @ http://localhost:3001/:0
[  351794ms] [ERROR] Failed to load resource: the server responded with a status of 404 (Not Found) @ http://localhost:3001/:0
[  352830ms] [ERROR] Failed to load resource: the server responded with a status of 404 (Not Found) @ http://localhost:3001/:0
[  353863ms] [ERROR] Failed to load resource: the server responded with a status of 404 (Not Found) @ http://localhost:3001/:0
[  354901ms] [ERROR] Failed to load resource: the server responded with a status of 404 (Not Found) @ http://localhost:3001/:0
[  355945ms] [ERROR] Failed to load resource: the server responded with a status of 404 (Not Found) @ http://localhost:3001/:0
[  356982ms] [ERROR] Failed to load resource: the server responded with a status of 404 (Not Found) @ http://localhost:3001/:0
[  358006ms] [ERROR] Failed to load resource: the server responded with a status of 404 (Not Found) @ http://localhost:3001/:0
[  359047ms] [ERROR] Failed to load resource: the server responded with a status of 404 (Not Found) @ http://localhost:3001/:0
[  360077ms] [ERROR] Failed to load resource: the server responded with a status of 404 (Not Found) @ http://localhost:3001/:0
[  361131ms] [ERROR] Failed to load resource: the server responded with a status of 404 (Not Found) @ http://localhost:3001/:0
[  362182ms] [ERROR] Failed to load resource: the server responded with a status of 404 (Not Found) @ http://localhost:3001/:0
[  363207ms] [ERROR] Failed to load resource: the server responded with a status of 404 (Not Found) @ http://localhost:3001/:0
[  364242ms] [ERROR] Failed to load resource: the server responded with a status of 404 (Not Found) @ http://localhost:3001/:0
[  365277ms] [ERROR] Failed to load resource: the server responded with a status of 404 (Not Found) @ http://localhost:3001/:0
[  366310ms] [ERROR] Failed to load resource: the server responded with a status of 404 (Not Found) @ http://localhost:3001/:0
[  367339ms] [ERROR] Failed to load resource: the server responded with a status of 404 (Not Found) @ http://localhost:3001/:0
[  368384ms] [ERROR] Failed to load resource: the server responded with a status of 404 (Not Found) @ http://localhost:3001/:0
[  369437ms] [ERROR] Failed to load resource: the server responded with a status of 404 (Not Found) @ http://localhost:3001/:0
[  370534ms] [ERROR] Failed to load resource: the server responded with a status of 404 (Not Found) @ http://localhost:3001/:0
[  371593ms] [ERROR] Failed to load resource: the server responded with a status of 404 (Not Found) @ http://localhost:3001/:0
[  372627ms] [ERROR] Failed to load resource: the server responded with a status of 404 (Not Found) @ http://localhost:3001/:0
[  373681ms] [ERROR] Failed to load resource: the server responded with a status of 404 (Not Found) @ http://localhost:3001/:0
[  374726ms] [ERROR] Failed to load resource: the server responded with a status of 404 (Not Found) @ http://localhost:3001/:0
[  375760ms] [ERROR] Failed to load resource: the server responded with a status of 404 (Not Found) @ http://localhost:3001/:0
[  376808ms] [ERROR] Failed to load resource: the server responded with a status of 404 (Not Found) @ http://localhost:3001/:0
[  377845ms] [ERROR] Failed to load resource: the server responded with a status of 404 (Not Found) @ http://localhost:3001/:0
[  378933ms] [ERROR] Failed to load resource: the server responded with a status of 404 (Not Found) @ http://localhost:3001/:0
[  379989ms] [ERROR] Failed to load resource: the server responded with a status of 404 (Not Found) @ http://localhost:3001/:0
[  381056ms] [ERROR] Failed to load resource: the server responded with a status of 404 (Not Found) @ http://localhost:3001/:0
[  382120ms] [ERROR] Failed to load resource: the server responded with a status of 404 (Not Found) @ http://localhost:3001/:0
[  383163ms] [ERROR] Failed to load resource: the server responded with a status of 404 (Not Found) @ http://localhost:3001/:0
[  384219ms] [ERROR] Failed to load resource: the server responded with a status of 404 (Not Found) @ http://localhost:3001/:0
[  385252ms] [ERROR] Failed to load resource: the server responded with a status of 404 (Not Found) @ http://localhost:3001/:0
[  386311ms] [ERROR] Failed to load resource: the server responded with a status of 404 (Not Found) @ http://localhost:3001/:0
[  387366ms] [ERROR] Failed to load resource: the server responded with a status of 404 (Not Found) @ http://localhost:3001/:0
[  388418ms] [ERROR] Failed to load resource: the server responded with a status of 404 (Not Found) @ http://localhost:3001/:0
[  389515ms] [ERROR] Failed to load resource: the server responded with a status of 404 (Not Found) @ http://localhost:3001/:0
[  390591ms] [ERROR] Failed to load resource: the server responded with a status of 404 (Not Found) @ http://localhost:3001/:0
[  391669ms] [ERROR] Failed to load resource: the server responded with a status of 404 (Not Found) @ http://localhost:3001/:0
[  392725ms] [ERROR] Failed to load resource: the server responded with a status of 404 (Not Found) @ http://localhost:3001/:0
[  393797ms] [ERROR] Failed to load resource: the server responded with a status of 404 (Not Found) @ http://localhost:3001/:0
[  394844ms] [ERROR] Failed to load resource: the server responded with a status of 404 (Not Found) @ http://localhost:3001/:0
[  395885ms] [ERROR] Failed to load resource: the server responded with a status of 404 (Not Found) @ http://localhost:3001/:0
[  396925ms] [ERROR] Failed to load resource: the server responded with a status of 404 (Not Found) @ http://localhost:3001/:0
[  397966ms] [ERROR] Failed to load resource: the server responded with a status of 404 (Not Found) @ http://localhost:3001/:0
[  399015ms] [ERROR] Failed to load resource: the server responded with a status of 404 (Not Found) @ http://localhost:3001/:0
[  400066ms] [ERROR] Failed to load resource: the server responded with a status of 404 (Not Found) @ http://localhost:3001/:0
[  401125ms] [ERROR] Failed to load resource: the server responded with a status of 404 (Not Found) @ http://localhost:3001/:0
[  402207ms] [ERROR] Failed to load resource: the server responded with a status of 404 (Not Found) @ http://localhost:3001/:0
[  403265ms] [ERROR] Failed to load resource: the server responded with a status of 404 (Not Found) @ http://localhost:3001/:0
[  404315ms] [ERROR] Failed to load resource: the server responded with a status of 404 (Not Found) @ http://localhost:3001/:0
[  405383ms] [ERROR] Failed to load resource: the server responded with a status of 404 (Not Found) @ http://localhost:3001/:0
[  406435ms] [ERROR] Failed to load resource: the server responded with a status of 404 (Not Found) @ http://localhost:3001/:0
[  407528ms] [ERROR] Failed to load resource: the server responded with a status of 404 (Not Found) @ http://localhost:3001/:0
[  408599ms] [ERROR] Failed to load resource: the server responded with a status of 404 (Not Found) @ http://localhost:3001/:0
[  409673ms] [ERROR] Failed to load resource: the server responded with a status of 404 (Not Found) @ http://localhost:3001/:0
[  410734ms] [ERROR] Failed to load resource: the server responded with a status of 404 (Not Found) @ http://localhost:3001/:0
[  411783ms] [ERROR] Failed to load resource: the server responded with a status of 404 (Not Found) @ http://localhost:3001/:0
[  412820ms] [ERROR] Failed to load resource: the server responded with a status of 404 (Not Found) @ http://localhost:3001/:0
[  413879ms] [ERROR] Failed to load resource: the server responded with a status of 404 (Not Found) @ http://localhost:3001/:0
[  414929ms] [ERROR] Failed to load resource: the server responded with a status of 404 (Not Found) @ http://localhost:3001/:0
[  415966ms] [ERROR] Failed to load resource: the server responded with a status of 404 (Not Found) @ http://localhost:3001/:0
[  417006ms] [ERROR] Failed to load resource: the server responded with a status of 404 (Not Found) @ http://localhost:3001/:0
[  418052ms] [ERROR] Failed to load resource: the server responded with a status of 404 (Not Found) @ http://localhost:3001/:0
[  419087ms] [ERROR] Failed to load resource: the server responded with a status of 404 (Not Found) @ http://localhost:3001/:0
[  420133ms] [ERROR] Failed to load resource: the server responded with a status of 404 (Not Found) @ http://localhost:3001/:0
[  421174ms] [ERROR] Failed to load resource: the server responded with a status of 404 (Not Found) @ http://localhost:3001/:0
[  422223ms] [ERROR] Failed to load resource: the server responded with a status of 404 (Not Found) @ http://localhost:3001/:0
[  423263ms] [ERROR] Failed to load resource: the server responded with a status of 404 (Not Found) @ http://localhost:3001/:0
[  424291ms] [ERROR] Failed to load resource: the server responded with a status of 404 (Not Found) @ http://localhost:3001/:0
[  425346ms] [ERROR] Failed to load resource: the server responded with a status of 404 (Not Found) @ http://localhost:3001/:0
[  426394ms] [ERROR] Failed to load resource: the server responded with a status of 404 (Not Found) @ http://localhost:3001/:0
[  427456ms] [ERROR] Failed to load resource: the server responded with a status of 404 (Not Found) @ http://localhost:3001/:0
[  428507ms] [ERROR] Failed to load resource: the server responded with a status of 404 (Not Found) @ http://localhost:3001/:0
[  429558ms] [ERROR] Failed to load resource: the server responded with a status of 404 (Not Found) @ http://localhost:3001/:0
[  430589ms] [ERROR] Failed to load resource: the server responded with a status of 404 (Not Found) @ http://localhost:3001/:0
[  431653ms] [ERROR] Failed to load resource: the server responded with a status of 404 (Not Found) @ http://localhost:3001/:0
[  432740ms] [ERROR] Failed to load resource: the server responded with a status of 404 (Not Found) @ http://localhost:3001/:0
[  433794ms] [ERROR] Failed to load resource: the server responded with a status of 404 (Not Found) @ http://localhost:3001/:0
[  434857ms] [ERROR] Failed to load resource: the server responded with a status of 404 (Not Found) @ http://localhost:3001/:0
[  435906ms] [ERROR] Failed to load resource: the server responded with a status of 404 (Not Found) @ http://localhost:3001/:0
[  436955ms] [ERROR] Failed to load resource: the server responded with a status of 404 (Not Found) @ http://localhost:3001/:0
[  438032ms] [ERROR] Failed to load resource: the server responded with a status of 404 (Not Found) @ http://localhost:3001/:0
[  439074ms] [ERROR] Failed to load resource: the server responded with a status of 404 (Not Found) @ http://localhost:3001/:0
[  440122ms] [ERROR] Failed to load resource: the server responded with a status of 404 (Not Found) @ http://localhost:3001/:0
[  441179ms] [ERROR] Failed to load resource: the server responded with a status of 404 (Not Found) @ http://localhost:3001/:0
[  442225ms] [ERROR] Failed to load resource: the server responded with a status of 404 (Not Found) @ http://localhost:3001/:0
[  443632ms] [ERROR] Failed to load resource: the server responded with a status of 404 (Not Found) @ http://localhost:3001/:0
[  444952ms] [ERROR] Failed to load resource: the server responded with a status of 404 (Not Found) @ http://localhost:3001/:0
[  446001ms] [ERROR] Failed to load resource: the server responded with a status of 404 (Not Found) @ http://localhost:3001/:0
[  447060ms] [ERROR] Failed to load resource: the server responded with a status of 404 (Not Found) @ http://localhost:3001/:0
[  448114ms] [ERROR] Failed to load resource: the server responded with a status of 404 (Not Found) @ http://localhost:3001/:0
[  449156ms] [ERROR] Failed to load resource: the server responded with a status of 404 (Not Found) @ http://localhost:3001/:0
[  450199ms] [ERROR] Failed to load resource: the server responded with a status of 404 (Not Found) @ http://localhost:3001/:0
[  451250ms] [ERROR] Failed to load resource: the server responded with a status of 404 (Not Found) @ http://localhost:3001/:0
[  452308ms] [ERROR] Failed to load resource: the server responded with a status of 404 (Not Found) @ http://localhost:3001/:0
[  453328ms] [ERROR] Failed to load resource: the server responded with a status of 404 (Not Found) @ http://localhost:3001/:0
[  454389ms] [ERROR] Failed to load resource: the server responded with a status of 404 (Not Found) @ http://localhost:3001/:0
[  455435ms] [ERROR] Failed to load resource: the server responded with a status of 404 (Not Found) @ http://localhost:3001/:0
[  456493ms] [ERROR] Failed to load resource: the server responded with a status of 404 (Not Found) @ http://localhost:3001/:0
[  457533ms] [ERROR] Failed to load resource: the server responded with a status of 404 (Not Found) @ http://localhost:3001/:0
[  458593ms] [ERROR] Failed to load resource: the server responded with a status of 404 (Not Found) @ http://localhost:3001/:0
[  459628ms] [ERROR] Failed to load resource: the server responded with a status of 404 (Not Found) @ http://localhost:3001/:0
[  460700ms] [ERROR] Failed to load resource: the server responded with a status of 404 (Not Found) @ http://localhost:3001/:0
[  461727ms] [ERROR] Failed to load resource: the server responded with a status of 404 (Not Found) @ http://localhost:3001/:0
[  462763ms] [ERROR] Failed to load resource: the server responded with a status of 404 (Not Found) @ http://localhost:3001/:0
[  463818ms] [ERROR] Failed to load resource: the server responded with a status of 404 (Not Found) @ http://localhost:3001/:0
[  464847ms] [ERROR] Failed to load resource: the server responded with a status of 404 (Not Found) @ http://localhost:3001/:0
[  465922ms] [ERROR] Failed to load resource: the server responded with a status of 404 (Not Found) @ http://localhost:3001/:0
[  466966ms] [ERROR] Failed to load resource: the server responded with a status of 404 (Not Found) @ http://localhost:3001/:0
[  467997ms] [ERROR] Failed to load resource: the server responded with a status of 404 (Not Found) @ http://localhost:3001/:0
